city,run_type,nodes,num_vehicles,num_requests,seed,trial,rtv_graph_build_time,percent_serviced,avg_waiting_time,max_waiting_time,avg_detour_factor,max_detour_factor,vmt,total_run_time,solve_time,qubo_build_time,time_min_cost_prep,time_qubo_gen,time_compress,time_quantum_solve,time_decode,time_vehicle_assignment,time_metrics_calc,time_struct_stats,time_total_quantum_block,ilp_num_vars,ilp_num_constraints,ilp_num_integer_vars,ilp_num_nonzero_coeffs,energy_gap,argmin_preservation,condition_number,real_quantum_hardware,K,infeasible_windows,arrival_violations,mean_slack,min_slack,max_slack,p25_slack,median_slack,p75_slack,base_qubo_vars,base_qubo_couplers,base_qubo_graph_density,base_node_density_avg,base_node_density_max,base_node_density_min,base_degree_avg,base_degree_max,base_degree_min,base_qubo_max_abs,base_qubo_min_nonzero_abs,base_qubo_dynamic_range,comp_qubo_vars,comp_qubo_couplers,comp_qubo_graph_density,comp_node_density_avg,comp_node_density_max,comp_node_density_min,comp_degree_avg,comp_degree_max,comp_degree_min,comp_qubo_max_abs,comp_qubo_min_nonzero_abs,comp_qubo_dynamic_range,qubo_logical_qubits,time_greedy_build_candidates,greedy_edges_total,time_greedy_sort,time_greedy_select,time_greedy_total,greedy_sort_work,greedy_assignments
32_Phoenix_City,Classical,15324,60,60,606042,1,7.204110890000038,100.0,413.13342918357904,1780.523171578503,1.0323586883911973,1.9377006421970628,13938.141439219531,4.674499106999974,4.668345406000015,,,,,,,,,,,65367.0,120.0,65367.0,193343.0,,,,,,0,56,2968.133333333333,1211.0,4777.0,2132.0,2976.0,3835.25,,,,,,,,,,,,,,,,,,,,,,,,,,,,,,,,
32_Phoenix_City,Quantum,15324,60,60,606042,1,7.204110890000038,93.33333333333331,519.0418605203428,1743.3645807280468,1.3642035070109697,2.0081365614031315,17710.582570555733,115.779841175,115.65441971500002,0.0518390390000149,0.0125433740000175,0.0392956649999973,,115.65441971500002,0.0007275620000086,0.0606024880000291,0.0031356750000099,0.0091107439999973,115.779841175,,,,,,,,0.0,,0,56,2968.133333333333,1211.0,4777.0,2132.0,2976.0,3835.25,3627.0,7194.0,0.0010940195271992,0.0021880390543985,0.0022062879205736,0.0011031439602868,7.933829611248966,8.0,4.0,40000.0,20000.0,2.0,,,,,,,,,,,,,,,,,,,,
32_Phoenix_City,Classical,15324,60,60,606043,2,8.686986459000025,100.0,498.6057857021211,1778.767040354047,0.9139517775657734,1.596117542984891,14000.869790592216,4.723553541999991,4.717380117000005,,,,,,,,,,,67935.0,120.0,67935.0,201001.0,,,,,,0,57,2819.866666666667,1204.0,4713.0,1891.25,2746.0,3740.5,,,,,,,,,,,,,,,,,,,,,,,,,,,,,,,,
32_Phoenix_City,Quantum,15324,60,60,606043,2,8.686986459000025,93.33333333333331,529.3790766970754,1793.8961231163485,1.244538273511883,2.4832554212956706,17006.65721059088,117.18891426999994,117.06613830499998,0.0435817950000227,0.0127773540000362,0.0308044409999865,,117.06613830499998,0.0006894669999155,0.0666815910000195,0.0030301259999987,0.0087868379999918,117.18891426999994,,,,,,,,0.0,,0,57,2819.866666666667,1204.0,4713.0,1891.25,2746.0,3740.5,3585.0,7110.0,0.0011067319187089,0.0022134638374178,0.0022321428571428,0.0011160714285714,7.933054393305439,8.0,4.0,40000.0,20000.0,2.0,,,,,,,,,,,,,,,,,,,,
32_Phoenix_City,Classical,15324,60,60,606044,3,8.16887452700007,100.0,483.1490173032437,1741.6519634221368,1.0607845949125685,4.034134001004776,12882.076028366662,4.11941729199998,4.115659710000045,,,,,,,,,,,66013.0,120.0,66013.0,195242.0,,,,,,0,58,2860.4666666666667,1214.0,4773.0,1865.5,2861.5,3738.25,,,,,,,,,,,,,,,,,,,,,,,,,,,,,,,,
32_Phoenix_City,Quantum,15324,60,60,606044,3,8.16887452700007,93.33333333333331,471.45734861253993,1772.6858622964269,1.4158239444928469,3.108907463968855,15409.785823202546,113.76150180900004,113.664565938,0.024014123000029,0.0066693690000647,0.0173447539999642,,113.664565938,0.0005781090000027,0.0600609499999791,0.0032747239999935,0.0090023510000492,113.76150180900004,,,,,,,,0.0,,0,58,2860.4666666666667,1214.0,4773.0,1865.5,2861.5,3738.25,3525.0,6990.0,0.0011254135774144,0.0022508271548288,0.0022701475595913,0.0011350737797956,7.931914893617021,8.0,4.0,40000.0,20000.0,2.0,,,,,,,,,,,,,,,,,,,,
32_Phoenix_City,Classical,15324,60,60,606045,4,6.893850831000009,100.0,695.6842159818649,1795.4088121860732,1.153077717079643,2.413696329042978,15652.03856348122,3.729059247999999,3.7256847250000646,,,,,,,,,,,50880.0,120.0,50880.0,150271.0,,,,,,0,56,2962.016666666667,1244.0,4738.0,2073.25,2845.0,4038.5,,,,,,,,,,,,,,,,,,,,,,,,,,,,,,,,
32_Phoenix_City,Quantum,15324,60,60,606045,4,6.893850831000009,100.0,543.915205659633,1785.1024623484582,1.450751581120504,2.57145548906984,19863.207037116776,116.664971777,116.52189112199994,0.0222961769999301,0.005532670999969,0.0167635059999611,,116.52189112199994,0.0011221219999697,0.0969416550000232,0.0075810509999882,0.0151334070000075,116.664971777,,,,,,,,0.0,,0,56,2962.016666666667,1244.0,4738.0,2073.25,2845.0,4038.5,3630.0,7200.0,0.0010931226643043,0.0021862453286086,0.0022044640396803,0.0011022320198401,7.933884297520661,8.0,4.0,40000.0,20000.0,2.0,,,,,,,,,,,,,,,,,,,,
32_Phoenix_City,Classical,15324,60,60,606046,5,7.841156425000008,100.0,470.3114028560854,1779.0,1.0265729105628665,2.218550513931388,12534.745463471434,6.601650984999992,6.597845850999988,,,,,,,,,,,77143.0,120.0,77143.0,228383.0,,,,,,0,58,3066.5666666666666,1269.0,4762.0,2234.75,3129.5,4083.5,,,,,,,,,,,,,,,,,,,,,,,,,,,,,,,,
32_Phoenix_City,Quantum,15324,60,60,606046,5,7.841156425000008,93.33333333333331,403.656611258426,1754.5389973158426,1.4279018018104424,2.833766178237928,15483.252959233088,118.25648924400002,118.150174742,0.0279156150000972,0.0097277040000562,0.0181879110000409,,118.150174742,0.0006567799999857,0.0653996109999752,0.0031405779999431,0.0091971539999349,118.25648924400002,,,,,,,,0.0,,0,58,3066.5666666666666,1269.0,4762.0,2234.75,3129.5,4083.5,3660.0,7260.0,0.0010842342483613,0.0021684684967226,0.0021863897239682,0.0010931948619841,7.934426229508197,8.0,4.0,40000.0,20000.0,2.0,,,,,,,,,,,,,,,,,,,,
32_Phoenix_City,Classical,15324,60,120,1206042,1,23.508965641000145,96.66666666666669,550.5822902546846,1775.5426857410212,1.021569701325003,1.9574977800591336,23596.72880089946,22.18136533100005,22.168511206000176,,,,,,,,,,,271818.0,180.0,271818.0,809721.0,,,,,,0,115,3101.075,1282.0,4782.0,2258.5,3097.0,4003.25,,,,,,,,,,,,,,,,,,,,,,,,,,,,,,,,
32_Phoenix_City,Quantum,15324,60,120,1206042,1,23.508965641000145,93.33333333333331,577.2211866696997,1777.7068295692145,1.390666501363578,4.163315745049027,28813.65581852712,274.1891547089999,273.903785234,0.1318207039998924,0.0467095299998163,0.085111174000076,,273.903785234,0.0016983960001653,0.1248090179999508,0.006156275999956,0.0208784930000547,274.1891547089999,,,,,,,,0.0,,0,115,3101.075,1282.0,4782.0,2258.5,3097.0,4003.25,8322.0,16524.0,0.0004772456169521,0.0009544912339043,0.0009614229059007,0.0004807114529503,7.942321557317952,8.0,4.0,40000.0,20000.0,2.0,,,,,,,,,,,,,,,,,,,,
32_Phoenix_City,Classical,15324,60,120,1206043,2,23.97516296699996,91.66666666666669,379.8422458911809,1784.9023126306984,0.9964730157000824,1.703884061625645,22087.51411525959,25.47549686899993,25.46838795000008,,,,,,,,,,,290684.0,180.0,290684.0,866077.0,,,,,,0,112,2980.5583333333334,1282.0,4755.0,2061.25,2902.5,3864.75,,,,,,,,,,,,,,,,,,,,,,,,,,,,,,,,
32_Phoenix_City,Quantum,15324,60,120,1206043,2,23.97516296699996,90.0,455.09594444865184,1763.018281196044,1.2704388547359533,4.810933577696223,28987.226888060337,262.6018821989999,262.37670116799995,0.075571869000214,0.0316529100000479,0.043918959000166,,262.37670116799995,0.0016663359999711,0.1219277349998719,0.0059754530000191,0.0200350220000018,262.6018821989999,,,,,,,,0.0,,0,112,2980.5583333333334,1282.0,4755.0,2061.25,2902.5,3864.75,8013.0,15906.0,0.0004955128146417,0.0009910256292835,0.00099850224663,0.000499251123315,7.940097341819543,8.0,4.0,40000.0,20000.0,2.0,,,,,,,,,,,,,,,,,,,,
32_Phoenix_City,Classical,15324,60,120,1206044,3,22.75787180199996,92.5,436.6660960417426,1768.4850073614298,1.0796078115088428,2.892093961068268,24718.992635382005,23.09022043699997,23.076499710000007,,,,,,,,,,,265056.0,180.0,265056.0,789531.0,,,,,,0,118,2966.458333333333,1206.0,4780.0,2142.5,2926.5,3811.0,,,,,,,,,,,,,,,,,,,,,,,,,,,,,,,,
32_Phoenix_City,Quantum,15324,60,120,1206044,3,22.75787180199996,95.0,522.8037283152578,1775.6755034371206,1.3535186048931591,4.061534033761743,32643.26597049324,275.55474813700016,275.24141908599995,0.1459114840001802,0.0572821570001451,0.0886293270000351,,275.24141908599995,0.0020373879999624,0.1358652549999988,0.0066029120000621,0.0228925700000672,275.55474813700016,,,,,,,,0.0,,0,118,2966.458333333333,1206.0,4780.0,2142.5,2926.5,3811.0,8166.0,16212.0,0.0004862963681202,0.0009725927362404,0.0009797917942437,0.0004898958971218,7.94121969140338,8.0,4.0,40000.0,20000.0,2.0,,,,,,,,,,,,,,,,,,,,
32_Phoenix_City,Classical,15324,60,120,1206045,4,24.05141137600004,92.5,459.2337908729213,1783.3330947139284,0.936799714473462,2.3702756222138563,24507.90795396641,24.88324620000003,24.875859193999982,,,,,,,,,,,290473.0,180.0,290473.0,865470.0,,,,,,0,111,3128.925,1273.0,4790.0,2292.0,3159.5,4037.5,,,,,,,,,,,,,,,,,,,,,,,,,,,,,,,,
32_Phoenix_City,Quantum,15324,60,120,1206045,4,24.05141137600004,93.33333333333331,501.7809121019069,1787.0499006324037,1.2623207801181304,4.224355330254231,33382.76724296929,263.364999873,263.1152383409999,0.08204730500006,0.0308369169999878,0.0512103880000722,,263.1152383409999,0.0021396129995991,0.1369493950001015,0.0064174160002039,0.0221901250001792,263.364999873,,,,,,,,0.0,,0,111,3128.925,1273.0,4790.0,2292.0,3159.5,4037.5,7998.0,15876.0,0.0004964352254751,0.0009928704509502,0.0010003751406777,0.0005001875703388,7.939984996249062,8.0,4.0,40000.0,20000.0,2.0,,,,,,,,,,,,,,,,,,,,
32_Phoenix_City,Classical,15324,60,120,1206046,5,20.883004579000044,85.83333333333333,482.2189171216533,1762.0019936401377,1.0155372882911824,1.8704183244249584,22135.067078455337,17.558506106000095,17.552048938999633,,,,,,,,,,,236467.0,180.0,236467.0,704094.0,,,,,,0,114,2876.425,1238.0,4796.0,2042.25,2709.5,3748.0,,,,,,,,,,,,,,,,,,,,,,,,,,,,,,,,
32_Phoenix_City,Quantum,15324,60,120,1206046,5,20.883004579000044,91.66666666666669,620.7385071124071,1776.621077185674,1.209382557268038,1.9618204120132825,30080.18570344908,263.190252075,262.82808935899993,0.0885855840001568,0.024298151000039,0.0642874330001177,,262.82808935899993,0.0027038570001423,0.2203226859996903,0.0106909730002371,0.0398528529999566,263.190252075,,,,,,,,0.0,,0,114,2876.425,1238.0,4796.0,2042.25,2709.5,3748.0,7908.0,15696.0,0.0005020426187356,0.0010040852374713,0.0010117617301125,0.0005058808650562,7.939301972685888,8.0,4.0,40000.0,20000.0,2.0,,,,,,,,,,,,,,,,,,,,
32_Phoenix_City,Classical,15324,70,70,707042,1,11.915761250999822,100.0,396.9972503355975,1710.470825326613,1.0213088546267275,2.952235801155741,16783.3887922383,8.14725072300007,8.143129704999865,,,,,,,,,,,123761.0,140.0,123761.0,367101.0,,,,,,0,68,2997.728571428572,1272.0,4779.0,1940.0,2868.5,4087.0,,,,,,,,,,,,,,,,,,,,,,,,,,,,,,,,
32_Phoenix_City,Quantum,15324,70,70,707042,1,11.915761250999822,94.28571428571428,413.4002794541946,1742.3573859722978,1.2512291636947712,3.4173795182607645,19443.2651406982,141.97027250200017,141.8145479159998,0.0337883269994563,0.0127455739998367,0.0210427529996195,,141.8145479159998,0.0012685450001299,0.1053770259995872,0.0037493380000341,0.0115354179997666,141.97027250200017,,,,,,,,0.0,,0,68,2997.728571428572,1272.0,4779.0,1940.0,2868.5,4087.0,4337.0,8604.0,0.0009150644884359,0.0018301289768719,0.0018450184501845,0.0009225092250922,7.935439243716855,8.0,4.0,40000.0,20000.0,2.0,,,,,,,,,,,,,,,,,,,,
32_Phoenix_City,Classical,15324,70,70,707043,2,12.10313418099986,100.0,493.8458698032018,1756.2784976065404,1.0632268190169505,3.749740013521458,15033.874167215998,8.96775315199966,8.963519372999599,,,,,,,,,,,113598.0,140.0,113598.0,336816.0,,,,,,0,70,3110.742857142857,1391.0,4716.0,2233.25,3212.5,4117.25,,,,,,,,,,,,,,,,,,,,,,,,,,,,,,,,
32_Phoenix_City,Quantum,15324,70,70,707043,2,12.10313418099986,91.42857142857144,554.7025636231674,1799.1548382755643,1.3520378134711513,2.7013526365896112,16687.463840152413,144.3648791630003,144.15084724300004,0.0333608709997861,0.0122219659997426,0.0211389050000434,,144.15084724300004,0.00169902000016,0.1485997029999453,0.0062167539999791,0.024148466999577,144.3648791630003,,,,,,,,0.0,,0,70,3110.742857142857,1391.0,4716.0,2233.25,3212.5,4117.25,4406.0,8742.0,0.0009008456634565,0.001801691326913,0.001816118047673,0.0009080590238365,7.936450295052201,8.0,4.0,40000.0,20000.0,2.0,,,,,,,,,,,,,,,,,,,,
32_Phoenix_City,Classical,15324,70,70,707044,3,10.318856270000197,100.0,450.6985374366971,1687.9548771065652,1.0223714533289054,2.133699225985384,17239.82480638818,7.780577326000184,7.776115321000361,,,,,,,,,,,103120.0,140.0,103120.0,305628.0,,,,,,0,67,2837.928571428572,1246.0,4711.0,1956.5,2587.5,3772.5,,,,,,,,,,,,,,,,,,,,,,,,,,,,,,,,
32_Phoenix_City,Quantum,15324,70,70,707044,3,10.318856270000197,91.42857142857144,452.6012638194719,1729.8358040672938,1.3358373202386722,2.661477283856871,18893.956855437125,140.4662947920001,140.2511314899998,0.0346719009999105,0.0125515119998453,0.0221203890000651,,140.2511314899998,0.0013321219998942,0.1509359500000755,0.0060858609999741,0.0221297789998971,140.4662947920001,,,,,,,,0.0,,0,67,2837.928571428572,1246.0,4711.0,1956.5,2587.5,3772.5,4337.0,8604.0,0.0009150644884359,0.0018301289768719,0.0018450184501845,0.0009225092250922,7.935439243716855,8.0,4.0,40000.0,20000.0,2.0,,,,,,,,,,,,,,,,,,,,
32_Phoenix_City,Classical,15324,70,70,707045,4,10.968335261999982,100.0,473.0041692876478,1762.1241935584453,1.0159246119517067,1.84132323890414,16739.418529902658,7.112617175000196,7.108340877000046,,,,,,,,,,,106957.0,140.0,106957.0,317041.0,,,,,,0,64,3042.0285714285715,1259.0,4797.0,2234.0,3065.5,3909.75,,,,,,,,,,,,,,,,,,,,,,,,,,,,,,,,
32_Phoenix_City,Quantum,15324,70,70,707045,4,10.968335261999982,91.42857142857144,530.5428899000494,1750.3946865358548,1.2604914238789326,2.8088907018102227,17749.59933202245,143.0776031989999,142.94555999299973,0.0336089460001858,0.0116501200000129,0.0219588260001728,,142.94555999299973,0.0007811220002622,0.0809293030001754,0.0050369710002087,0.0116812420001224,143.0776031989999,,,,,,,,0.0,,0,64,3042.0285714285715,1259.0,4797.0,2234.0,3065.5,3909.75,4433.0,8796.0,0.0008954013262852,0.0017908026525704,0.0018050541516245,0.0009025270758122,7.936837356192194,8.0,4.0,40000.0,20000.0,2.0,,,,,,,,,,,,,,,,,,,,
32_Phoenix_City,Classical,15324,70,70,707046,5,10.547900907999974,100.0,442.9935147126221,1705.0087680178858,0.9006964358571024,2.108942318826561,15386.743362687155,6.32505462600011,6.317796315000123,,,,,,,,,,,100474.0,140.0,100474.0,297768.0,,,,,,0,64,3062.957142857143,1241.0,4628.0,2241.25,3076.0,3844.75,,,,,,,,,,,,,,,,,,,,,,,,,,,,,,,,
32_Phoenix_City,Quantum,15324,70,70,707046,5,10.547900907999974,97.14285714285714,476.55852040248686,1749.430329308332,1.2637053567775371,3.234134193794965,19662.64325475382,138.9880413850001,138.83102691600016,0.0595582900000408,0.0206295140001202,0.0389287759999206,,138.83102691600016,0.0008325789999616,0.082010647000061,0.0038940270001148,0.0107129940001868,138.9880413850001,,,,,,,,0.0,,0,64,3062.957142857143,1241.0,4628.0,2241.25,3076.0,3844.75,4286.0,8502.0,0.0009258659302137,0.0018517318604275,0.0018669778296382,0.0009334889148191,7.934671021931871,8.0,4.0,40000.0,20000.0,2.0,,,,,,,,,,,,,,,,,,,,
32_Phoenix_City,Classical,15324,70,140,1407042,1,34.14691491199983,95.0,506.4519437007058,1799.6356210217618,0.9803879204105196,1.8493518608361417,27698.87332503296,42.48583739800006,42.476474325000254,,,,,,,,,,,429578.0,210.0,429578.0,1281007.0,,,,,,0,134,3035.242857142857,1202.0,4785.0,2171.0,2984.0,3923.0,,,,,,,,,,,,,,,,,,,,,,,,,,,,,,,,
32_Phoenix_City,Quantum,15324,70,140,1407042,1,34.14691491199983,95.71428571428572,629.8993787679542,1791.9805468556287,1.2294879059378394,2.710361259330192,35579.264507992775,324.1446776039997,323.78451885899995,0.1141695759997674,0.0487905599998157,0.0653790159999516,,323.78451885899995,0.0024533730002076,0.2090343749996464,0.0079937710002013,0.0264995239999734,324.1446776039997,,,,,,,,0.0,,0,134,3035.242857142857,1202.0,4785.0,2171.0,2984.0,3923.0,9682.0,19224.0,0.000410193198564,0.000820386397128,0.0008263609131288,0.0004131804565644,7.942160710596984,8.0,4.0,40000.0,20000.0,2.0,,,,,,,,,,,,,,,,,,,,
32_Phoenix_City,Classical,15324,70,140,1407043,2,33.823817899000005,94.28571428571428,465.3599867786626,1791.7520366480358,0.934298434364676,2.421687151407555,28671.773622053697,39.99891999600004,39.99074304099986,,,,,,,,,,,448920.0,210.0,448920.0,1338844.0,,,,,,0,135,3021.1428571428573,1242.0,4771.0,2182.5,3071.0,3856.0,,,,,,,,,,,,,,,,,,,,,,,,,,,,,,,,
32_Phoenix_City,Quantum,15324,70,140,1407043,2,33.823817899000005,94.28571428571428,471.6612484048402,1799.522273565531,1.263904826434542,2.8077480016228886,37463.15454840864,322.17681426299987,321.8364669339994,0.1302050720000807,0.0443125599999802,0.0858925120001004,,321.8364669339994,0.0024566889997004,0.1745449159998315,0.007576789000268,0.0255561889998716,322.17681426299987,,,,,,,,0.0,,0,135,3021.1428571428573,1242.0,4771.0,2182.5,3071.0,3856.0,9469.0,18798.0,0.0004193525373505,0.0008387050747011,0.0008449514152936,0.0004224757076468,7.940859647270039,8.0,4.0,40000.0,20000.0,2.0,,,,,,,,,,,,,,,,,,,,
32_Phoenix_City,Classical,15324,70,140,1407044,3,35.522547726000084,95.0,486.2589338042993,1783.0539067798063,0.9202886459041172,2.5167507302068435,26005.900343510668,45.158374178000486,45.15010128199992,,,,,,,,,,,472236.0,210.0,472236.0,1408537.0,,,,,,0,137,2885.35,1230.0,4762.0,1943.0,2884.0,3717.25,,,,,,,,,,,,,,,,,,,,,,,,,,,,,,,,
32_Phoenix_City,Quantum,15324,70,140,1407044,3,35.522547726000084,94.28571428571428,473.832303945439,1763.178968488036,1.2248152814004667,3.5149159826434384,32434.53456599564,326.6528457159993,326.32863300899953,0.1030252400005338,0.044557504000295,0.0584677360002388,,326.32863300899953,0.0022908050004843,0.1860952040005941,0.0076083559997641,0.0251872579992777,326.6528457159993,,,,,,,,0.0,,0,137,2885.35,1230.0,4762.0,1943.0,2884.0,3717.25,9673.0,19206.0,0.0004105721099815,0.000821144219963,0.0008271298593879,0.0004135649296939,7.9421068954822704,8.0,4.0,40000.0,20000.0,2.0,,,,,,,,,,,,,,,,,,,,
32_Phoenix_City,Classical,15324,70,140,1407045,4,34.5702742250005,95.71428571428572,510.190608305014,1755.0017773715444,0.982393598486585,2.208207695642382,27328.37997875276,46.9949384319998,46.90201205800077,,,,,,,,,,,464987.0,210.0,464987.0,1386889.0,,,,,,0,134,2838.5214285714287,1214.0,4787.0,1918.25,2664.0,3787.25,,,,,,,,,,,,,,,,,,,,,,,,,,,,,,,,
32_Phoenix_City,Quantum,15324,70,140,1407045,4,34.5702742250005,94.28571428571428,493.3965175333677,1792.4551453699503,1.236729128168889,4.360750681906929,34527.028960746706,329.9038397389995,329.33280259500043,0.328536002999499,0.1491989289997946,0.1793370739997044,,329.33280259500043,0.0022262950005824,0.207446635999986,0.0074806459997489,0.0253286840006694,329.9038397389995,,,,,,,,0.0,,0,134,2838.5214285714287,1214.0,4787.0,1918.25,2664.0,3787.25,9757.0,19374.0,0.0004070625927126,0.0008141251854252,0.000820008200082,0.000410004100041,7.942605309008917,8.0,4.0,40000.0,20000.0,2.0,,,,,,,,,,,,,,,,,,,,
32_Phoenix_City,Classical,15324,70,140,1407046,5,34.6973019549996,93.57142857142856,484.5946472700908,1798.8420562275087,0.978318887596938,2.390152530103654,25996.13565530602,40.58570003100067,40.57722306300002,,,,,,,,,,,448587.0,210.0,448587.0,1337814.0,,,,,,0,134,3074.728571428572,1249.0,4800.0,2161.75,2919.5,4119.75,,,,,,,,,,,,,,,,,,,,,,,,,,,,,,,,
32_Phoenix_City,Quantum,15324,70,140,1407046,5,34.6973019549996,94.28571428571428,516.2052809865733,1791.5008291951272,1.2262022625009692,4.602275968792338,32763.05394926031,322.78391422999994,322.4644233630006,0.1054819979999592,0.0479286070003581,0.0575533909996011,,322.4644233630006,0.0021364280000852,0.1775375469997016,0.0075014869998994,0.0268270279993885,322.78391422999994,,,,,,,,0.0,,0,134,3074.7285714285717,1249.0,4800.0,2161.75,2919.5,4119.75,9577.0,19014.0,0.0004146578202842,0.0008293156405684,0.0008354218880534,0.0004177109440267,7.941526574083742,8.0,4.0,40000.0,20000.0,2.0,,,,,,,,,,,,,,,,,,,,
32_Phoenix_City,Classical,15324,5,5,50542,1,0.2874890360000108,100.0,532.5700582283429,1406.1901326413586,1.1333665750805872,1.3004113310878045,1229.075875125327,0.0690791499999932,0.0686519989999965,,,,,,,,,,,66.0,10.0,66.0,167.0,,,,,,0,5,2841.8,1316.0,4585.0,1850.0,1897.0,4561.0,,,,,,,,,,,,,,,,,,,,,,,,,,,,,,,,
32_Phoenix_City,Quantum,15324,5,5,50542,1,0.2874890360000108,80.0,198.7490326303306,517.1492510238791,1.2099637310033826,1.5115839770648425,1201.6204727838303,0.8012025200000039,0.7994345429999612,0.0005533479999826,2.672900001243761e-05,0.0005266189999701,,0.7994345429999612,1.838399998632667e-05,0.0008029899999542,0.0001877519999879,0.0002031080000506,0.8012025200000039,,,,,,,,0.0,,0,5,2841.8,1316.0,4585.0,1850.0,1897.0,4561.0,35.0,60.0,0.1008403361344537,0.2016806722689075,0.2352941176470588,0.1176470588235294,6.857142857142857,8.0,4.0,40000.0,10031.334198023858,3.987505471393813,,,,,,,,,,,,,,,,,,,,
32_Phoenix_City,Classical,15324,5,5,50543,2,0.2882689920000416,100.0,0.0,0.0,1.3866833136621597,1.6352151261441212,1170.8054943713823,0.0095839929999783,0.0092694119999805,,,,,,,,,,,80.0,10.0,80.0,205.0,,,,,,0,5,3328.6,1405.0,4471.0,3150.0,3342.0,4275.0,,,,,,,,,,,,,,,,,,,,,,,,,,,,,,,,
32_Phoenix_City,Quantum,15324,5,5,50543,2,0.2882689920000416,100.0,223.0841075807461,1115.4205379037303,1.676463676231122,2.318354294506151,1451.660032136872,0.8018169830000375,0.8006096049999769,0.0002987930000131,2.861199999415476e-05,0.0002701810000189,,0.8006096049999769,1.5165000036176934e-05,0.0005480629999965,0.0001699369999528,0.000172832999965,0.8018169830000375,,,,,,,,0.0,,0,5,3328.6,1405.0,4471.0,3150.0,3342.0,4275.0,35.0,60.0,0.1008403361344537,0.2016806722689075,0.2352941176470588,0.1176470588235294,6.857142857142857,8.0,4.0,40000.0,10068.202476593606,3.972903812074832,,,,,,,,,,,,,,,,,,,,
32_Phoenix_City,Classical,15324,5,5,50544,3,0.295635285000003,100.0,138.65578891223495,693.2789445611747,1.7134282332538433,1.7842068540295164,1343.342952402124,0.0092015590000187,0.0088475119999884,,,,,,,,,,,75.0,10.0,75.0,191.0,,,,,,0,5,3191.4,1368.0,4482.0,3070.0,3357.0,3680.0,,,,,,,,,,,,,,,,,,,,,,,,,,,,,,,,
32_Phoenix_City,Quantum,15324,5,5,50544,3,0.295635285000003,80.0,0.0,0.0,2.040752982751243,2.495730084674924,1454.288571281518,0.7963290559999905,0.7951736429999983,0.0003074729999639,2.778999999009102e-05,0.0002796829999738,,0.7951736429999983,1.2039000012009636e-05,0.0005401199999823,0.0001176410000311,0.0001761489999694,0.7963290559999905,,,,,,,,0.0,,0,5,3191.4,1368.0,4482.0,3070.0,3357.0,3680.0,35.0,60.0,0.1008403361344537,0.2016806722689075,0.2352941176470588,0.1176470588235294,6.857142857142857,8.0,4.0,40000.0,10147.686425272328,3.941785183702752,,,,,,,,,,,,,,,,,,,,
32_Phoenix_City,Classical,15324,5,5,50545,4,0.3141547960000252,100.0,481.4617701916295,1492.3561954276502,2.942042563704654,4.704334473002968,1441.1499565281574,0.0090200879999997,0.0086992000000236,,,,,,,,,,,68.0,10.0,68.0,172.0,,,,,,0,5,2190.2,1341.0,3262.0,1890.0,2187.0,2271.0,,,,,,,,,,,,,,,,,,,,,,,,,,,,,,,,
32_Phoenix_City,Quantum,15324,5,5,50545,4,0.3141547960000252,80.0,389.3168513852762,993.0506221195689,2.564541309034812,3.0212355161476254,1225.6788310699726,0.7981399369999735,0.7971308709999789,0.0003025569999977,2.5996999966082512e-05,0.0002765600000316,,0.7971308709999789,1.2778000041180348e-05,0.0003990719999933,0.0001141369999686,0.0001785039999617,0.7981399369999735,,,,,,,,0.0,,0,5,2190.2,1341.0,3262.0,1890.0,2187.0,2271.0,35.0,60.0,0.1008403361344537,0.2016806722689075,0.2352941176470588,0.1176470588235294,6.857142857142857,8.0,4.0,40000.0,10174.03978449919,3.931574954222471,,,,,,,,,,,,,,,,,,,,
32_Phoenix_City,Classical,15324,5,5,50546,5,0.4023684009999897,100.0,192.6871376328248,603.1902358048351,1.483403293296128,1.786427894428242,1798.153337634076,0.0148259040000198,0.0143255899999985,,,,,,,,,,,44.0,10.0,44.0,105.0,,,,,,0,5,3066.6,1826.0,4647.0,2038.0,3226.0,3596.0,,,,,,,,,,,,,,,,,,,,,,,,,,,,,,,,
32_Phoenix_City,Quantum,15324,5,5,50546,5,0.4023684009999897,40.0,0.0,0.0,1.4378362025347051,1.5083174532221748,786.4458336835537,1.1717991209999925,1.1705358549999687,0.0004586789999621,3.0447999961324967e-05,0.0004282310000007,,1.1705358549999687,1.7698000021937332e-05,0.0004552259999854,7.858599997234705e-05,0.0002501399999914,1.1717991209999925,,,,,,,,0.0,,0,5,3066.6,1826.0,4647.0,2038.0,3226.0,3596.0,35.0,60.0,0.1008403361344537,0.2016806722689075,0.2352941176470588,0.1176470588235294,6.857142857142857,8.0,4.0,40000.0,10230.73923444144,3.909785899472576,,,,,,,,,,,,,,,,,,,,
32_Phoenix_City,Classical,15324,5,10,100542,1,0.4440680300000394,100.0,261.3696005168027,912.5893073423412,1.3262054665767828,1.735651150456223,3054.4289908201526,0.0142088420000163,0.0135858259999963,,,,,,,,,,,235.0,15.0,235.0,641.0,,,,,,0,10,2422.2,1494.0,3557.0,1947.5,2306.0,2971.75,,,,,,,,,,,,,,,,,,,,,,,,,,,,,,,,
32_Phoenix_City,Quantum,15324,5,10,100542,1,0.4440680300000394,80.0,425.0281032135283,1488.6059693433351,1.5484532502602388,2.293282135308864,2787.9206998745512,3.1320233829999893,3.12948894799996,0.0007766150000065,6.638700000394238e-05,0.0007102280000026,,3.12948894799996,4.0570999999545165e-05,0.0009544060000052,0.0003324519999523,0.0004281020000007,3.1320233829999893,,,,,,,,0.0,,0,10,2422.2,1494.0,3557.0,1947.5,2306.0,2971.75,145.0,270.0,0.0258620689655172,0.0517241379310344,0.0555555555555555,0.0277777777777777,7.448275862068965,8.0,4.0,40000.0,10158.010650741013,3.937778899363731,,,,,,,,,,,,,,,,,,,,
32_Phoenix_City,Classical,15324,5,10,100543,2,0.4435212110000179,70.0,602.626306346516,1598.9433654165468,1.3971827303199418,1.945644302499748,1431.1772451132838,0.0129659109999806,0.0125028290000273,,,,,,,,,,,183.0,15.0,183.0,492.0,,,,,,0,9,2540.6,1219.0,4783.0,1375.0,2227.5,3474.5,,,,,,,,,,,,,,,,,,,,,,,,,,,,,,,,
32_Phoenix_City,Quantum,15324,5,10,100543,2,0.4435212110000179,70.0,411.14818047399655,1598.9433654165468,1.7903984594970146,2.041788364215132,2445.94909831829,3.138879271999997,3.136535433999996,0.0008526939999455,0.0001074109999876,0.0007452829999579,,3.136535433999996,3.976699997565447e-05,0.0007903069999883,0.0002325390000237,0.0004262769999741,3.138879271999997,,,,,,,,0.0,,0,9,2540.6,1219.0,4783.0,1375.0,2227.5,3474.5,145.0,270.0,0.0258620689655172,0.0517241379310344,0.0555555555555555,0.0277777777777777,7.448275862068965,8.0,4.0,40000.0,10105.554971208703,3.958219030420621,,,,,,,,,,,,,,,,,,,,
32_Phoenix_City,Classical,15324,5,10,100544,3,0.4507262140000421,80.0,391.3681679873831,1551.387464048595,1.6439704289583963,1.8441062783693083,2679.756700947424,0.0145145910000223,0.0140998980000404,,,,,,,,,,,211.0,15.0,211.0,572.0,,,,,,0,10,2775.7,1351.0,4494.0,2007.5,2720.5,3570.75,,,,,,,,,,,,,,,,,,,,,,,,,,,,,,,,
32_Phoenix_City,Quantum,15324,5,10,100544,3,0.4507262140000421,90.0,506.321405530889,1551.387464048595,1.798544798621497,2.764605348144097,3071.315247234611,4.152152119999983,4.149614302000032,0.000765374000025,6.547499998532658e-05,0.0006998990000397,,4.149614302000032,4.106000000092536e-05,0.000904590999994,0.0003985619999866,0.000426238999978,4.152152119999983,,,,,,,,0.0,,0,10,2775.7,1351.0,4494.0,2007.5,2720.5,3570.75,145.0,270.0,0.0258620689655172,0.0517241379310344,0.0555555555555555,0.0277777777777777,7.448275862068965,8.0,4.0,40000.0,10148.736248538717,3.941377430688424,,,,,,,,,,,,,,,,,,,,
32_Phoenix_City,Classical,15324,5,10,100545,4,0.8153498440000249,80.0,194.1856240093961,608.3100931396002,1.5305234143315212,2.493943067573952,2395.464113691872,0.0337391179999713,0.030884851000053,,,,,,,,,,,132.0,15.0,132.0,345.0,,,,,,0,9,2737.2,1248.0,4459.0,2418.75,2582.0,3123.0,,,,,,,,,,,,,,,,,,,,,,,,,,,,,,,,
32_Phoenix_City,Quantum,15324,5,10,100545,4,0.8153498440000249,30.0,51.10148019133013,153.3044405739904,1.7482567557027844,2.097167518789578,756.1835579299491,3.837657740999987,3.835094046999984,0.0013942120000365,8.265600001777784e-05,0.0013115560000187,,3.835094046999984,3.9909999998144485e-05,0.0006008189999988,9.501200003114718e-05,0.0004312180000169,3.837657740999987,,,,,,,,0.0,,0,9,2737.2,1248.0,4459.0,2418.75,2582.0,3123.0,145.0,270.0,0.0258620689655172,0.0517241379310344,0.0555555555555555,0.0277777777777777,7.448275862068965,8.0,4.0,40000.0,10049.94951438238,3.980119496397113,,,,,,,,,,,,,,,,,,,,
32_Phoenix_City,Classical,15324,5,10,100546,5,0.4442999969999732,90.0,665.4815031034684,1334.1700274079722,1.5424007254565226,2.0120586341215208,3508.611355088736,0.0129658019999965,0.0123774130000242,,,,,,,,,,,157.0,15.0,157.0,416.0,,,,,,0,8,3162.7,2006.0,4508.0,2535.75,3023.0,3932.5,,,,,,,,,,,,,,,,,,,,,,,,,,,,,,,,
32_Phoenix_City,Quantum,15324,5,10,100546,5,0.4442999969999732,80.0,697.6196752364465,1334.1700274079722,1.4138497010443278,1.7760097835030817,2900.200095764297,3.694260482000004,3.690327832000037,0.0008213049999881,5.565599997225945e-05,0.0007656490000158,,3.690327832000037,5.8454999987134215e-05,0.0016829030000167,0.0005956729999638,0.0007709249999834,3.694260482000004,,,,,,,,0.0,,0,8,3162.7,2006.0,4508.0,2535.75,3023.0,3932.5,142.0,264.0,0.0263709919089002,0.0527419838178004,0.0567375886524822,0.0283687943262411,7.436619718309859,8.0,4.0,40000.0,10155.538999349132,3.9387372745615568,,,,,,,,,,,,,,,,,,,,
32_Phoenix_City,Classical,15324,10,10,101042,1,0.6048582949999854,100.0,391.6427891722693,1415.8958278984865,1.2484332451825764,1.798334338784349,3035.641288862783,0.0206320350000055,0.0201348570000163,,,,,,,,,,,374.0,20.0,374.0,1023.0,,,,,,0,10,2487.3,1234.0,4403.0,1586.0,2093.5,3352.0,,,,,,,,,,,,,,,,,,,,,,,,,,,,,,,,
32_Phoenix_City,Quantum,15324,10,10,101042,1,0.6048582949999854,90.0,310.04342800003167,1052.040248010022,1.5115607032811726,2.2398230979347384,3185.784902345013,3.1503957059999834,3.147054566999998,0.0008373810000534,8.532600003263724e-05,0.0007520550000208,,3.147054566999998,3.996000003780864e-05,0.0016482880000125,0.0003612799999928,0.0004522830000155,3.1503957059999834,,,,,,,,0.0,,0,10,2487.3,1234.0,4403.0,1586.0,2093.5,3352.0,145.0,270.0,0.0258620689655172,0.0517241379310344,0.0555555555555555,0.0277777777777777,7.448275862068965,8.0,4.0,40000.0,10113.376679499916,3.9551577349117295,,,,,,,,,,,,,,,,,,,,
32_Phoenix_City,Classical,15324,10,10,101043,2,0.577304421000008,100.0,361.0939586916781,1797.7030018339433,2.599594336624912,8.509564588373387,3960.0561398759487,0.0214052359999641,0.0208128259999966,,,,,,,,,,,432.0,20.0,432.0,1191.0,,,,,,0,10,3230.2,1437.0,4741.0,2585.25,3332.0,4072.75,,,,,,,,,,,,,,,,,,,,,,,,,,,,,,,,
32_Phoenix_City,Quantum,15324,10,10,101043,2,0.577304421000008,100.0,71.55985396949715,436.2666218385264,1.6109413396475258,2.644950568934589,4450.000381284852,3.132182370000009,3.128401009000015,0.0007665759999895,9.493900000734357e-05,0.0006716369999821,,3.128401009000015,5.948200004013415e-05,0.002067916000044,0.0004431489999774,0.0004418620000024,3.132182370000009,,,,,,,,0.0,,0,10,3230.2,1437.0,4741.0,2585.25,3332.0,4072.75,145.0,270.0,0.0258620689655172,0.0517241379310344,0.0555555555555555,0.0277777777777777,7.448275862068965,8.0,4.0,40000.0,10143.656689529123,3.943351123199027,,,,,,,,,,,,,,,,,,,,
32_Phoenix_City,Classical,15324,10,10,101044,3,0.5845558689999848,100.0,557.040184915909,1609.1024181326102,1.4519525151188362,2.7018979397388216,3081.455432102252,0.021246657000006,0.0206063089999588,,,,,,,,,,,364.0,20.0,364.0,997.0,,,,,,0,10,3095.9,1300.0,4579.0,1859.75,3320.0,4323.0,,,,,,,,,,,,,,,,,,,,,,,,,,,,,,,,
32_Phoenix_City,Quantum,15324,10,10,101044,3,0.5845558689999848,100.0,676.3951848165823,1703.1084994554662,1.7901239476389692,2.888117513055355,3562.5878546668355,4.1819495229999575,4.178620059000025,0.0008152729999437,9.54399999955058e-05,0.0007198329999482,,4.178620059000025,4.048800002465214e-05,0.0016266069999915,0.0003737730000352,0.0004710830000362,4.1819495229999575,,,,,,,,0.0,,0,10,3095.9,1300.0,4579.0,1859.75,3320.0,4323.0,145.0,270.0,0.0258620689655172,0.0517241379310344,0.0555555555555555,0.0277777777777777,7.448275862068965,8.0,4.0,40000.0,10156.450986571408,3.938383600027898,,,,,,,,,,,,,,,,,,,,
32_Phoenix_City,Classical,15324,10,10,101045,4,0.5787175749999847,100.0,495.1790795193109,1749.3731768872583,1.0492007357125304,1.233303993837286,2389.4740605452434,0.0204528180000238,0.0198567569999568,,,,,,,,,,,408.0,20.0,408.0,1121.0,,,,,,0,9,2845.1,1231.0,4319.0,1585.25,3345.0,3621.25,,,,,,,,,,,,,,,,,,,,,,,,,,,,,,,,
32_Phoenix_City,Quantum,15324,10,10,101045,4,0.5787175749999847,100.0,428.6900571490976,1441.0831556508128,1.410091503009414,1.6443886750578869,3126.1469898688065,3.119255549999991,3.1156843420000087,0.0007958830000234,9.812999996938744e-05,0.000697753000054,,3.1156843420000087,3.8028000005851936e-05,0.0018751590000078,0.0004179410000233,0.0004421300000103,3.119255549999991,,,,,,,,0.0,,0,9,2845.1,1231.0,4319.0,1585.25,3345.0,3621.25,145.0,270.0,0.0258620689655172,0.0517241379310344,0.0555555555555555,0.0277777777777777,7.448275862068965,8.0,4.0,40000.0,10107.45287334629,3.957475785564275,,,,,,,,,,,,,,,,,,,,
32_Phoenix_City,Classical,15324,10,10,101046,5,0.5963978810000299,100.0,213.7920243317644,1128.239364572184,1.2424871744429422,1.608172298883308,3236.094895332889,0.0245085710000125,0.0238616780000029,,,,,,,,,,,515.0,20.0,515.0,1431.0,,,,,,0,10,2258.3,1298.0,3913.0,1512.5,2163.0,2372.75,,,,,,,,,,,,,,,,,,,,,,,,,,,,,,,,
32_Phoenix_City,Quantum,15324,10,10,101046,5,0.5963978810000299,100.0,284.23162873818086,1252.7692772295095,1.5565889240216,2.979028964218516,3189.439669712476,3.2801949359999867,3.2738345390000063,0.0008265890000416,0.0001221310000119,0.0007044580000297,,3.2738345390000063,5.715300000019852e-05,0.0039916520000247,0.0007676140000398,0.0007134950000136,3.2801949359999867,,,,,,,,0.0,,0,10,2258.3,1298.0,3913.0,1512.5,2163.0,2372.75,145.0,270.0,0.0258620689655172,0.0517241379310344,0.0555555555555555,0.0277777777777777,7.448275862068965,8.0,4.0,40000.0,10103.320108001742,3.959094591917398,,,,,,,,,,,,,,,,,,,,
32_Phoenix_City,Classical,15324,10,20,201042,1,1.206451484000013,90.0,362.46608979514775,1289.3763685601216,1.2834688875335956,2.131580820342144,4146.163564507637,0.0537823010000124,0.0527666830000157,,,,,,,,,,,1385.0,30.0,1385.0,3958.0,,,,,,0,19,2822.9,1263.0,4676.0,2157.75,2883.5,3466.25,,,,,,,,,,,,,,,,,,,,,,,,,,,,,,,,
32_Phoenix_City,Quantum,15324,10,20,201042,1,1.206451484000013,85.0,462.0002503658086,1494.9006505126972,1.7961224327908678,2.910153779754463,5061.901538219326,13.79223861700001,13.784574667000015,0.0027143410000007,0.0002633199999877,0.002451021000013,,13.784574667000015,0.0001275959999702,0.0027255649999915,0.0006440509999947,0.0014497980000101,13.79223861700001,,,,,,,,0.0,,0,19,2822.9,1263.0,4676.0,2157.75,2883.5,3466.25,590.0,1140.0,0.0065609622744669,0.0131219245489338,0.0135823429541595,0.0067911714770797,7.728813559322034,8.0,4.0,40000.0,10073.601060938938,3.9707746771015855,,,,,,,,,,,,,,,,,,,,
32_Phoenix_City,Classical,15324,10,20,201043,2,0.9323358330000246,75.0,600.0321836327782,1761.4673632625,1.0903594083111143,1.6608267429251953,3380.251351304852,0.0455387380000047,0.0446952029999465,,,,,,,,,,,1114.0,30.0,1114.0,3169.0,,,,,,0,17,3224.7,1821.0,4700.0,2475.75,3336.0,3787.5,,,,,,,,,,,,,,,,,,,,,,,,,,,,,,,,
32_Phoenix_City,Quantum,15324,10,20,201043,2,0.9323358330000246,75.0,631.4887304400429,1735.0013604875076,1.3874767818795115,1.925048780886,4838.973070965908,13.897362085999989,13.889627474999998,0.0027934159999745,0.0002446629999894,0.002548752999985,,13.889627474999998,0.0001159299999926,0.0026814670000021,0.0006286560000035,0.0015124669999977,13.897362085999989,,,,,,,,0.0,,0,17,3224.7,1821.0,4700.0,2475.75,3336.0,3787.5,590.0,1140.0,0.0065609622744669,0.0131219245489338,0.0135823429541595,0.0067911714770797,7.728813559322034,8.0,4.0,40000.0,10070.806757075306,3.9718764310414114,,,,,,,,,,,,,,,,,,,,
32_Phoenix_City,Classical,15324,10,20,201044,3,0.7807356999999797,90.0,460.4373971387157,1197.7934365897463,1.3437620757955102,2.609939734014894,5592.048148739947,0.0659839290000263,0.0641190460000302,,,,,,,,,,,1332.0,30.0,1332.0,3802.0,,,,,,0,20,3104.15,1451.0,4687.0,2687.0,3186.5,3863.0,,,,,,,,,,,,,,,,,,,,,,,,,,,,,,,,
32_Phoenix_City,Quantum,15324,10,20,201044,3,0.7807356999999797,85.0,470.9111620628778,1436.6889936907692,1.520629088683358,2.694833838908926,6151.406496371887,13.827387016999978,13.819422736000035,0.0026796099999728,0.0002640129999917,0.002415596999981,,13.819422736000035,0.0001162329999715,0.0029866980000292,0.0006977490000394,0.0014810530000204,13.827387016999978,,,,,,,,0.0,,0,20,3104.15,1451.0,4687.0,2687.0,3186.5,3863.0,590.0,1140.0,0.0065609622744669,0.0131219245489338,0.0135823429541595,0.0067911714770797,7.728813559322034,8.0,4.0,40000.0,10057.585418333048,3.977097716424827,,,,,,,,,,,,,,,,,,,,
32_Phoenix_City,Classical,15324,10,20,201045,4,0.9134171860000038,85.0,492.7976702423045,1552.9209238360188,1.2141822435445748,1.7037052351814284,4922.136641935249,0.0498892049999994,0.0488475359999824,,,,,,,,,,,1214.0,30.0,1214.0,3460.0,,,,,,0,20,2968.75,1419.0,4777.0,2197.5,2787.0,3745.75,,,,,,,,,,,,,,,,,,,,,,,,,,,,,,,,
32_Phoenix_City,Quantum,15324,10,20,201045,4,0.9134171860000038,75.0,393.1846425635839,1229.3092622664942,1.6181484842684113,2.472699312355952,5692.771219850103,13.881345995000004,13.873463308999987,0.0028267920000075,0.0002868540000235,0.0025399379999839,,13.873463308999987,0.0001174110000192,0.0027287139999998,0.0005685670000161,0.0016380210000193,13.881345995000004,,,,,,,,0.0,,0,20,2968.75,1419.0,4777.0,2197.5,2787.0,3745.75,590.0,1140.0,0.0065609622744669,0.0131219245489338,0.0135823429541595,0.0067911714770797,7.728813559322034,8.0,4.0,40000.0,10128.589441206035,3.9492172362390776,,,,,,,,,,,,,,,,,,,,
32_Phoenix_City,Classical,15324,10,20,201046,5,1.2719830020000131,80.0,587.3971690652618,1717.209773945875,1.2846179285699688,2.5372558277468533,4223.807800715292,0.0478861569999935,0.0469636070000092,,,,,,,,,,,1159.0,30.0,1159.0,3296.0,,,,,,0,19,3187.25,1288.0,4777.0,2421.0,3372.0,4393.0,,,,,,,,,,,,,,,,,,,,,,,,,,,,,,,,
32_Phoenix_City,Quantum,15324,10,20,201046,5,1.2719830020000131,80.0,655.368802463045,1685.138199974845,2.105540969493835,5.180105035061124,4846.314079813839,13.789939996999976,13.782223818999968,0.0026382149999903,0.0003207629999906,0.0023174519999997,,13.782223818999968,0.0001162940000085,0.002786006000008,0.0006668529999842,0.0015055399999823,13.789939996999976,,,,,,,,0.0,,0,19,3187.25,1288.0,4777.0,2421.0,3372.0,4393.0,590.0,1140.0,0.0065609622744669,0.0131219245489338,0.0135823429541595,0.0067911714770797,7.728813559322034,8.0,4.0,40000.0,10092.562540496034,3.963314553613265,,,,,,,,,,,,,,,,,,,,
32_Phoenix_City,Classical,15324,20,20,202042,1,1.2597681529999818,100.0,457.7914426689869,1583.4934079171633,1.1350685166836103,1.6217937400858158,5353.068587468595,0.1227252940000198,0.1216018769999891,,,,,,,,,,,3166.0,40.0,3166.0,9125.0,,,,,,0,20,3342.85,1337.0,4733.0,2301.0,3625.5,4297.75,,,,,,,,,,,,,,,,,,,,,,,,,,,,,,,,
32_Phoenix_City,Quantum,15324,20,20,202042,1,1.2597681529999818,90.0,310.6110172272763,1796.6290374167816,1.548407429721951,3.972216797073912,6162.4017678796745,13.971067796,13.959438409000027,0.0029087659999618,0.0004672249999657,0.002441540999996,,13.959438409000027,0.0001296570000022,0.0062476090000131,0.000777719000041,0.0015625339999587,13.971067796,,,,,,,,0.0,,0,20,3342.85,1337.0,4733.0,2301.0,3625.5,4297.75,590.0,1140.0,0.0065609622744669,0.0131219245489338,0.0135823429541595,0.0067911714770797,7.728813559322034,8.0,4.0,40000.0,10038.759916996934,3.984555894426239,,,,,,,,,,,,,,,,,,,,
32_Phoenix_City,Classical,15324,20,20,202043,2,1.2595617360000233,100.0,468.9271716690948,1649.8976229754585,1.5054736768585069,2.714459463354403,5088.869198012852,0.0984469269999976,0.0973112979999655,,,,,,,,,,,2556.0,40.0,2556.0,7331.0,,,,,,0,18,2864.5,1340.0,4529.0,2267.5,2748.0,3626.0,,,,,,,,,,,,,,,,,,,,,,,,,,,,,,,,
32_Phoenix_City,Quantum,15324,20,20,202043,2,1.2595617360000233,95.0,486.8508411355248,1649.8976229754585,1.9677275450154303,4.013338790384723,5952.990400016048,13.881421744000022,13.871122679999983,0.0028913620000139,0.0004596370000058,0.0024317250000081,,13.871122679999983,0.0001358449999884,0.0048623060000068,0.0007094430000051,0.0016966919999958,13.881421744000022,,,,,,,,0.0,,0,18,2864.5,1340.0,4529.0,2267.5,2748.0,3626.0,590.0,1140.0,0.0065609622744669,0.0131219245489338,0.0135823429541595,0.0067911714770797,7.728813559322034,8.0,4.0,40000.0,10037.528124553965,3.985044873961684,,,,,,,,,,,,,,,,,,,,
32_Phoenix_City,Classical,15324,20,20,202044,3,1.2430912720000151,100.0,463.8477536382069,1324.7255890913184,1.5282605702382803,4.521390467472445,6763.501300211721,0.1554484769999931,0.1517762489999654,,,,,,,,,,,2123.0,40.0,2123.0,6072.0,,,,,,0,19,2663.85,1272.0,4195.0,2065.5,2671.0,3439.75,,,,,,,,,,,,,,,,,,,,,,,,,,,,,,,,
32_Phoenix_City,Quantum,15324,20,20,202044,3,1.2430912720000151,95.0,446.245501926795,1634.3689051960628,1.504882565458291,1.8575884894359675,8026.272466574369,14.263361226000027,14.24257309099994,0.0049000300000443,0.0006790770000293,0.004220953000015,,14.24257309099994,0.000266922000037,0.0109182520000103,0.0018039899999848,0.002894971000046,14.263361226000027,,,,,,,,0.0,,0,19,2663.85,1272.0,4195.0,2065.5,2671.0,3439.75,590.0,1140.0,0.0065609622744669,0.0131219245489338,0.0135823429541595,0.0067911714770797,7.728813559322034,8.0,4.0,40000.0,10042.31801659561,3.983144124085425,,,,,,,,,,,,,,,,,,,,
32_Phoenix_City,Classical,15324,20,20,202045,4,1.1195552740000494,85.0,605.8930814266092,1686.544708834518,1.1100736900108867,1.7587206834564768,3960.964878438685,0.0758667820000482,0.0749155299999984,,,,,,,,,,,1927.0,40.0,1927.0,5491.0,,,,,,0,18,2886.55,1470.0,4564.0,1918.5,3105.0,3632.0,,,,,,,,,,,,,,,,,,,,,,,,,,,,,,,,
32_Phoenix_City,Quantum,15324,20,20,202045,4,1.1195552740000494,90.0,720.0727156411606,1753.5178360782456,1.7523060560605894,2.8690287606010028,7183.169169233144,13.767948471000068,13.75883326600001,0.0027736629999708,0.0003622809999797,0.0024113819999911,,13.75883326600001,0.0001164089999292,0.0040059720000726,0.0007219749999194,0.001494880999985,13.767948471000068,,,,,,,,0.0,,0,18,2886.55,1470.0,4564.0,1918.5,3105.0,3632.0,590.0,1140.0,0.0065609622744669,0.0131219245489338,0.0135823429541595,0.0067911714770797,7.728813559322034,8.0,4.0,40000.0,10052.53760466006,3.979094789106501,,,,,,,,,,,,,,,,,,,,
32_Phoenix_City,Classical,15324,20,20,202046,5,1.2774138099999846,100.0,521.0029839981478,1784.8050709199083,1.567795614131122,5.37352645381664,5315.199384315294,0.1265803699999423,0.12545063999994,,,,,,,,,,,2802.0,40.0,2802.0,8058.0,,,,,,0,19,2837.5,1301.0,4423.0,2025.25,2899.5,3624.25,,,,,,,,,,,,,,,,,,,,,,,,,,,,,,,,
32_Phoenix_City,Quantum,15324,20,20,202046,5,1.2774138099999846,100.0,445.1714250392787,1699.8204855946387,780.569501912451,9351.25435801086,6586.320071828895,13.796328314999982,13.784616819000007,0.0033123139999133,0.0004539379999641,0.0028583759999492,,13.784616819000007,0.0001270950000389,0.0058314180000706,0.0007479939999939,0.0016897929999686,13.796328314999982,,,,,,,,0.0,,0,19,2837.5,1301.0,4423.0,2025.25,2899.5,3624.25,590.0,1140.0,0.0065609622744669,0.0131219245489338,0.0135823429541595,0.0067911714770797,7.728813559322034,8.0,4.0,40000.0,10041.728969112752,3.9833777751854855,,,,,,,,,,,,,,,,,,,,
32_Phoenix_City,Classical,15324,20,30,302042,1,1.5930578570000762,96.66666666666669,370.50351973437785,1662.4755132345863,1.210499610062927,2.9279649808092385,7415.96488612249,0.230425083,0.2289644680000719,,,,,,,,,,,5909.0,50.0,5909.0,17208.0,,,,,,0,28,2897.633333333333,1286.0,4680.0,1973.75,2935.5,3850.0,,,,,,,,,,,,,,,,,,,,,,,,,,,,,,,,
32_Phoenix_City,Quantum,15324,20,30,302042,1,1.5930578570000762,96.66666666666669,494.127478108598,1790.147130888966,1.5323058231262197,3.130747641297297,10156.784300253488,32.13614246399993,32.10729758100001,0.0062279459999672,0.0008993430000145,0.0053286029999526,,32.10729758100001,0.0002494660000138,0.0143006210000748,0.0021807379999927,0.0058824529999128,32.13614246399993,,,,,,,,0.0,,0,28,2897.633333333333,1286.0,4680.0,1973.75,2935.5,3850.0,1335.0,2610.0,0.0029311187103077,0.0058622374206155,0.0059970014992503,0.0029985007496251,7.820224719101123,8.0,4.0,40000.0,10065.751397389196,3.973871241284084,,,,,,,,,,,,,,,,,,,,
32_Phoenix_City,Classical,15324,20,30,302043,2,1.4457331799999338,86.66666666666667,640.4365466175791,1734.6018883647298,1.1284256570393605,1.9679010949497315,6522.283832557866,0.1652213249999476,0.1637483140000313,,,,,,,,,,,4363.0,50.0,4363.0,12647.0,,,,,,0,30,2851.0333333333333,1210.0,4739.0,1977.0,2668.5,3768.5,,,,,,,,,,,,,,,,,,,,,,,,,,,,,,,,
32_Phoenix_City,Quantum,15324,20,30,302043,2,1.4457331799999338,90.0,770.5684659714406,1733.4012839933548,1.5006693846363384,2.032317824120659,9351.87996013598,32.71938186800003,32.69776525000009,0.0062812390000317,0.000810451999996,0.0054707870000356,,32.69776525000009,0.0004260860000613,0.0095736089999718,0.0011823280000271,0.0041448800000125,32.71938186800003,,,,,,,,0.0,,0,30,2851.0333333333333,1210.0,4739.0,1977.0,2668.5,3768.5,1335.0,2610.0,0.0029311187103077,0.0058622374206155,0.0059970014992503,0.0029985007496251,7.820224719101123,8.0,4.0,40000.0,10073.324035081358,3.97088387712894,,,,,,,,,,,,,,,,,,,,
32_Phoenix_City,Classical,15324,20,30,302044,3,2.044097009999973,100.0,441.476574399396,1779.909028024067,1.4137502987612864,2.6346577782280343,7785.499572496324,0.233036750999986,0.2314560350000647,,,,,,,,,,,5676.0,50.0,5676.0,16517.0,,,,,,0,30,3228.5,1322.0,4796.0,2276.0,3366.0,4209.5,,,,,,,,,,,,,,,,,,,,,,,,,,,,,,,,
32_Phoenix_City,Quantum,15324,20,30,302044,3,2.044097009999973,96.66666666666669,522.0989077026488,1779.909028024067,1.86373357589858,3.372360107651595,10349.28188617779,31.062327724000056,31.04257531799999,0.0080294009999306,0.0010003639999922,0.0070290369999383,,31.04257531799999,0.0002654759999813,0.0070386260000532,0.00101935400005,0.003396524999971,31.062327724000056,,,,,,,,0.0,,0,30,3228.5,1322.0,4796.0,2276.0,3366.0,4209.5,1335.0,2610.0,0.0029311187103077,0.0058622374206155,0.0059970014992503,0.0029985007496251,7.820224719101123,8.0,4.0,40000.0,10054.44351945413,3.9783405140826393,,,,,,,,,,,,,,,,,,,,
32_Phoenix_City,Classical,15324,20,30,302045,4,1.6454229629999872,100.0,384.66429467122975,1375.7191958622998,1.2631157865269207,2.1760067363548035,8109.82089000223,0.2870593469999676,0.2854403610000418,,,,,,,,,,,6817.0,50.0,6817.0,19893.0,,,,,,0,30,3319.866666666667,1376.0,4566.0,2681.25,3344.0,4174.25,,,,,,,,,,,,,,,,,,,,,,,,,,,,,,,,
32_Phoenix_City,Quantum,15324,20,30,302045,4,1.6454229629999872,100.0,411.7643568676697,1745.7871309499133,1.54681203123984,1.8584616648586136,10229.74358886342,32.16406317000008,32.14324792499997,0.0067104679999374,0.001048495999953,0.0056619719999844,,32.14324792499997,0.0003128890000425,0.0091326599999774,0.0012294260000089,0.0034264899999243,32.16406317000008,,,,,,,,0.0,,0,30,3319.866666666667,1376.0,4566.0,2681.25,3344.0,4174.25,1335.0,2610.0,0.0029311187103077,0.0058622374206155,0.0059970014992503,0.0029985007496251,7.820224719101123,8.0,4.0,40000.0,10017.665899766942,3.992946101439717,,,,,,,,,,,,,,,,,,,,
32_Phoenix_City,Classical,15324,20,30,302046,5,1.593172205999963,96.66666666666669,313.9827916941324,1602.8717367069485,1.205392932938206,2.231625483498146,7591.409792713506,0.2518226989999448,0.2501934269999992,,,,,,,,,,,5920.0,50.0,5920.0,17237.0,,,,,,0,25,2932.633333333333,1220.0,4756.0,1955.0,2858.0,3958.5,,,,,,,,,,,,,,,,,,,,,,,,,,,,,,,,
32_Phoenix_City,Quantum,15324,20,30,302046,5,1.593172205999963,96.66666666666669,542.0113065551094,1761.5840332176213,1.624276474390929,2.4604994302983445,11002.696357440373,31.39185869899996,31.36235965699996,0.0063730329999316,0.0008903179999606,0.0054827149999709,,31.36235965699996,0.0004033590000744,0.0147070289999646,0.0020168229999626,0.0059952169999633,31.39185869899996,,,,,,,,0.0,,0,25,2932.633333333333,1220.0,4756.0,1955.0,2858.0,3958.5,1335.0,2610.0,0.0029311187103077,0.0058622374206155,0.0059970014992503,0.0029985007496251,7.820224719101123,8.0,4.0,40000.0,10024.808052270584,3.990101335749779,,,,,,,,,,,,,,,,,,,,
32_Phoenix_City,Classical,15324,20,40,402042,1,2.0434175330000244,100.0,581.6485576745085,1696.2830973049695,1.3187415138639602,2.124831515404785,10376.49561227052,0.4636377570000149,0.461559751999971,,,,,,,,,,,10513.0,60.0,10513.0,30842.0,,,,,,0,40,3152.725,1263.0,4680.0,2170.25,3360.0,3753.0,,,,,,,,,,,,,,,,,,,,,,,,,,,,,,,,
32_Phoenix_City,Quantum,15324,20,40,402042,1,2.0434175330000244,95.0,515.3915713995123,1755.3587514901114,1.7044416074037363,6.428903747080091,12076.696916722783,51.95183437100002,51.916447794999954,0.0105593790000284,0.0015255270000125,0.0090338520000159,,51.916447794999954,0.0004123909999407,0.0124004040000045,0.0024208169999155,0.0095899010000266,51.95183437100002,,,,,,,,0.0,,0,40,3152.725,1263.0,4680.0,2170.25,3360.0,3753.0,2114.0,4188.0,0.0018751334823709,0.0037502669647418,0.0037860861334595,0.0018930430667297,7.924314096499527,8.0,4.0,40000.0,20000.0,2.0,,,,,,,,,,,,,,,,,,,,
32_Phoenix_City,Classical,15324,20,40,402043,2,2.147935881999956,85.0,459.3073621886791,1773.2729350326135,1.3614763421232117,4.548476719816149,7732.71727093399,0.4643901299999697,0.462630321000006,,,,,,,,,,,9607.0,60.0,9607.0,28155.0,,,,,,0,40,2963.475,1207.0,4554.0,2249.5,2935.5,3819.25,,,,,,,,,,,,,,,,,,,,,,,,,,,,,,,,
32_Phoenix_City,Quantum,15324,20,40,402043,2,2.147935881999956,95.0,566.6620077585861,1795.1976409187105,1.529875141976321,2.958438921277896,13111.95184615642,52.15332960800004,52.11862311200002,0.0101463899999316,0.0014309189999721,0.0087154709999595,,52.11862311200002,0.000424665999958,0.0118321989999685,0.0028439180000532,0.0094548000000713,52.15332960800004,,,,,,,,0.0,,0,40,2963.475,1207.0,4554.0,2249.5,2935.5,3819.25,2105.0,4170.0,0.0018830775900219,0.0037661551800438,0.0038022813688212,0.0019011406844106,7.923990498812351,8.0,4.0,40000.0,20000.0,2.0,,,,,,,,,,,,,,,,,,,,
32_Phoenix_City,Classical,15324,20,40,402044,3,2.869228012999997,85.0,546.3148436332618,1679.2685176917485,1.3270032839422754,2.3639535840621555,8758.949014323436,0.731164734999993,0.7278340889999981,,,,,,,,,,,8255.0,60.0,8255.0,24152.0,,,,,,0,37,3023.975,1234.0,4709.0,2278.5,2932.0,4167.25,,,,,,,,,,,,,,,,,,,,,,,,,,,,,,,,
32_Phoenix_City,Quantum,15324,20,40,402044,3,2.869228012999997,75.0,482.8843591437042,1767.429781825631,1.6793059348359731,3.1982226461624186,9851.545173442952,52.85498872700009,52.80349039400005,0.0193732210000234,0.0024555879999752,0.0169176330000482,,52.80349039400005,0.0007140069999422,0.0195820129999901,0.0025033900000153,0.0093201330000738,52.85498872700009,,,,,,,,0.0,,0,37,3023.975,1234.0,4709.0,2278.5,2932.0,4167.25,2108.0,4176.0,0.0018804220863138,0.0037608441726277,0.0037968675842429,0.0018984337921214,7.924098671726755,8.0,4.0,40000.0,20000.0,2.0,,,,,,,,,,,,,,,,,,,,
32_Phoenix_City,Classical,15324,20,40,402045,4,2.5182743809999693,82.5,503.3695172411467,1774.0051409347866,1.1808078492406802,2.211536609835663,8559.013568064918,0.5142875279999544,0.5123912310000378,,,,,,,,,,,9722.0,60.0,9722.0,28491.0,,,,,,0,37,3083.475,1320.0,4731.0,2295.25,3102.0,3895.5,,,,,,,,,,,,,,,,,,,,,,,,,,,,,,,,
32_Phoenix_City,Quantum,15324,20,40,402045,4,2.5182743809999693,80.0,563.1662810360467,1797.2219200166155,1.6746066446729602,2.9675448731105933,11407.088611209912,52.00488964800002,51.97347874000002,0.0127576710000312,0.0018312990000595,0.0109263719999717,,51.97347874000002,0.0004538560000355,0.0109616370000367,0.0013778210000054,0.0058557690000498,52.00488964800002,,,,,,,,0.0,,0,37,3083.475,1320.0,4731.0,2295.25,3102.0,3895.5,2090.0,4140.0,0.0018964684002098,0.0037929368004196,0.0038295835327908,0.0019147917663954,7.923444976076555,8.0,4.0,40000.0,20000.0,2.0,,,,,,,,,,,,,,,,,,,,
32_Phoenix_City,Classical,15324,20,40,402046,5,2.384302101000003,95.0,358.75199802383173,1618.036255800439,1.1715056553096908,1.7531328958672598,9886.953590935438,0.5397409910000306,0.537596858000029,,,,,,,,,,,12434.0,60.0,12434.0,36537.0,,,,,,0,40,2745.7,1242.0,4676.0,1894.75,2591.5,3645.0,,,,,,,,,,,,,,,,,,,,,,,,,,,,,,,,
32_Phoenix_City,Quantum,15324,20,40,402046,5,2.384302101000003,95.0,515.5851154539852,1773.6749336891717,1.4369357686174355,2.4993902754975204,12001.416362274274,51.108812290999936,51.0764505090001,0.0107972939999854,0.0017346360000374,0.0090626579999479,,51.0764505090001,0.0004269790000535,0.013974487999917,0.0018477360000588,0.0053110300000298,51.108812290999936,,,,,,,,0.0,,0,40,2745.7,1242.0,4676.0,1894.75,2591.5,3645.0,2054.0,4068.0,0.0019293967884175,0.003858793576835,0.0038967364831953,0.0019483682415976,7.922103213242454,8.0,4.0,40000.0,20000.0,2.0,,,,,,,,,,,,,,,,,,,,
32_Phoenix_City,Classical,15324,30,30,303042,1,3.3540204629999835,100.0,454.5308404548687,1792.4334134552482,1.0343669488297116,1.5530185215803674,9102.590852152003,0.4990588009999328,0.4973031160000118,,,,,,,,,,,9974.0,60.0,9974.0,29121.0,,,,,,0,28,3104.366666666667,1215.0,4706.0,2271.25,3108.5,4156.0,,,,,,,,,,,,,,,,,,,,,,,,,,,,,,,,
32_Phoenix_City,Quantum,15324,30,30,303042,1,3.3540204629999835,100.0,356.29958968227123,1756.6501290490928,1.4594705923996438,2.3606100436612136,12627.879641991933,31.14559095700008,31.11955018799995,0.0077510880000772,0.0015414910000117,0.0062095970000655,,31.11955018799995,0.0003125230000478,0.0130121750000853,0.0012040839999372,0.0037574030000087,31.14559095700008,,,,,,,,0.0,,0,28,3104.366666666667,1215.0,4706.0,2271.25,3108.5,4156.0,1335.0,2610.0,0.0029311187103077,0.0058622374206155,0.0059970014992503,0.0029985007496251,7.820224719101123,8.0,4.0,40000.0,10052.48850550782,3.97911422411314,,,,,,,,,,,,,,,,,,,,
32_Phoenix_City,Classical,15324,30,30,303043,2,2.228476666000006,100.0,422.2538526711599,1695.8561707445083,1.1097517928240863,1.8638276555278208,7399.309857300462,0.3477166790000865,0.3459376970001813,,,,,,,,,,,7153.0,60.0,7153.0,20801.0,,,,,,0,26,3111.266666666667,1379.0,4800.0,2449.75,3278.5,3708.75,,,,,,,,,,,,,,,,,,,,,,,,,,,,,,,,
32_Phoenix_City,Quantum,15324,30,30,303043,2,2.228476666000006,93.33333333333331,598.3433070221478,1773.2596279183635,1.538106819108261,3.0947217027813485,9511.856771142537,32.37469215600004,32.351678988,0.0073446350002086,0.0012314700002207,0.0061131649999879,,32.351678988,0.0003049379999993,0.0104622470000776,0.0010814670001764,0.0038164499999311,32.37469215600004,,,,,,,,0.0,,0,26,3111.266666666667,1379.0,4800.0,2449.75,3278.5,3708.75,1335.0,2610.0,0.0029311187103077,0.0058622374206155,0.0059970014992503,0.0029985007496251,7.820224719101123,8.0,4.0,40000.0,10042.28016548541,3.983159137252225,,,,,,,,,,,,,,,,,,,,
32_Phoenix_City,Classical,15324,30,30,303044,3,2.262580774000071,100.0,533.0147748861666,1786.7099505516494,1.089119666925742,1.3391577066307203,8054.794854482799,0.4274095750001834,0.4255770940001184,,,,,,,,,,,9125.0,60.0,9125.0,26626.0,,,,,,0,29,2924.5333333333333,1548.0,4661.0,1988.25,2623.5,3929.25,,,,,,,,,,,,,,,,,,,,,,,,,,,,,,,,
32_Phoenix_City,Quantum,15324,30,30,303044,3,2.262580774000071,96.66666666666669,445.7898297251409,1669.8673023679044,1.4845177746024565,1.983463303312473,9820.446440173891,31.91065524600004,31.8639469169998,0.0078420009999717,0.0015614829999321,0.0062805180000395,,31.8639469169998,0.0005058059998646,0.0291095279999353,0.0024394700001266,0.0068055280000862,31.91065524600004,,,,,,,,0.0,,0,29,2924.5333333333333,1548.0,4661.0,1988.25,2623.5,3929.25,1335.0,2610.0,0.0029311187103077,0.0058622374206155,0.0059970014992503,0.0029985007496251,7.820224719101123,8.0,4.0,40000.0,10033.829102414946,3.986513981025727,,,,,,,,,,,,,,,,,,,,
32_Phoenix_City,Classical,15324,30,30,303045,4,2.183956593999937,100.0,366.0192145536181,1711.428427288373,1.1034771921232225,1.6100700760364766,8795.2720287456,0.5233278020000398,0.5215737339999578,,,,,,,,,,,10677.0,60.0,10677.0,31206.0,,,,,,0,30,2854.866666666667,1253.0,4583.0,1824.0,2920.0,3928.5,,,,,,,,,,,,,,,,,,,,,,,,,,,,,,,,
32_Phoenix_City,Quantum,15324,30,30,303045,4,2.183956593999937,100.0,234.8187451268057,1424.567262280445,1.3050674903143538,1.9432070321384285,10026.709415943578,31.31493328500005,31.288032703,0.0077354869999908,0.001760306000051,0.0059751809999397,,31.288032703,0.0003259780000917,0.0134917880000102,0.0012090780001017,0.0041303049999896,31.31493328500005,,,,,,,,0.0,,0,30,2854.866666666667,1253.0,4583.0,1824.0,2920.0,3928.5,1335.0,2610.0,0.0029311187103077,0.0058622374206155,0.0059970014992503,0.0029985007496251,7.820224719101123,8.0,4.0,40000.0,10105.806601573033,3.958120472419663,,,,,,,,,,,,,,,,,,,,
32_Phoenix_City,Classical,15324,30,30,303046,5,2.767073001999961,100.0,431.7456538199349,1741.7219902930256,1.2175525437962302,2.207413383760662,6658.040654741887,0.4099332900000263,0.4078927030000159,,,,,,,,,,,9206.0,60.0,9206.0,26850.0,,,,,,0,30,2918.8,1339.0,4518.0,1948.75,2963.5,3868.5,,,,,,,,,,,,,,,,,,,,,,,,,,,,,,,,
32_Phoenix_City,Quantum,15324,30,30,303046,5,2.767073001999961,96.66666666666669,392.5089894700701,1731.168215652771,1.4957326086170983,2.176311596773752,8921.943036963781,31.23491064599989,31.21157806600013,0.0079449659999681,0.0014722280000114,0.0064727379999567,,31.21157806600013,0.0002800780000598,0.0106163580001066,0.0010437139999339,0.0034442759999819,31.23491064599989,,,,,,,,0.0,,0,30,2918.8,1339.0,4518.0,1948.75,2963.5,3868.5,1335.0,2610.0,0.0029311187103077,0.0058622374206155,0.0059970014992503,0.0029985007496251,7.820224719101123,8.0,4.0,40000.0,10077.6174249252,3.969192152608125,,,,,,,,,,,,,,,,,,,,
32_Phoenix_City,Classical,15324,30,60,603042,1,5.072479991999899,90.0,422.6540382939543,1776.1497182473995,1.1323098352661447,2.113598549632267,12957.1618057839,1.8796780810000653,1.8766660380001667,,,,,,,,,,,33187.0,90.0,33187.0,98130.0,,,,,,0,58,2975.9333333333334,1340.0,4764.0,2200.5,2806.5,4026.5,,,,,,,,,,,,,,,,,,,,,,,,,,,,,,,,
32_Phoenix_City,Quantum,15324,30,60,603042,1,5.072479991999899,96.66666666666669,625.641503634418,1725.5775673220114,1.540370959870654,4.024379627732384,18586.667287837827,94.764598751,94.70468691199994,0.0198081979999642,0.0043023200000789,0.0155058779998853,,94.70468691199994,0.000880977999941,0.0267990739998822,0.0027906489999622,0.0096286369998779,94.764598751,,,,,,,,0.0,,0,58,2975.9333333333334,1340.0,4764.0,2200.5,2806.5,4026.5,3723.0,7386.0,0.001066031146988,0.002132062293976,0.0021493820526598,0.0010746910263299,7.935535858178888,8.0,4.0,40000.0,20000.0,2.0,,,,,,,,,,,,,,,,,,,,
32_Phoenix_City,Classical,15324,30,60,603043,2,5.198589645000084,98.33333333333331,479.8931516875156,1715.2389531879808,1.063250983652913,2.2859871453884373,13511.874650747994,2.1569722240001283,2.153734914999859,,,,,,,,,,,37981.0,90.0,37981.0,112379.0,,,,,,0,59,2864.3,1374.0,4784.0,2125.0,2747.5,3825.25,,,,,,,,,,,,,,,,,,,,,,,,,,,,,,,,
32_Phoenix_City,Quantum,15324,30,60,603043,2,5.198589645000084,96.66666666666669,390.5285296407783,1784.3431187034198,1.3684973311476896,3.617142244776381,16591.36962155103,89.68961906500022,89.62833913999998,0.0199636240001837,0.0048468400000274,0.0151167840001562,,89.62833913999998,0.0008508139999321,0.0285278950000247,0.0026671960001749,0.0092671100001098,89.68961906500022,,,,,,,,0.0,,0,59,2864.3,1374.0,4784.0,2125.0,2747.5,3825.25,3597.0,7134.0,0.0011030697624364,0.0022061395248728,0.0022246941045606,0.0011123470522803,7.933277731442869,8.0,4.0,40000.0,20000.0,2.0,,,,,,,,,,,,,,,,,,,,
32_Phoenix_City,Classical,15324,30,60,603044,3,3.6723659729998417,95.0,424.4653438216843,1754.1418853129562,1.0291482516723771,2.033769160725037,13594.732496463555,1.8927493649998723,1.8895973940000204,,,,,,,,,,,35630.0,90.0,35630.0,105361.0,,,,,,0,55,2944.366666666667,1200.0,4708.0,2066.75,2878.0,3769.25,,,,,,,,,,,,,,,,,,,,,,,,,,,,,,,,
32_Phoenix_City,Quantum,15324,30,60,603044,3,3.6723659729998417,93.33333333333331,611.7155227538989,1759.3761886597465,1.389070432780878,2.617510880489716,19239.412208984817,91.79902843600009,91.74040804799984,0.0200099060000411,0.0044406790000266,0.0155692270000145,,91.74040804799984,0.0007551860001058,0.0257339949998822,0.0027427329998772,0.0093743669999639,91.79902843600009,,,,,,,,0.0,,0,55,2944.366666666667,1200.0,4708.0,2066.75,2878.0,3769.25,3669.0,7278.0,0.0010815958398239,0.0021631916796478,0.0021810250817884,0.0010905125408942,7.934587080948487,8.0,4.0,40000.0,20000.0,2.0,,,,,,,,,,,,,,,,,,,,
32_Phoenix_City,Classical,15324,30,60,603045,4,3.86784423999984,88.33333333333333,498.03256145647066,1777.728657347765,1.229899476764815,2.580925776739738,11938.881359216435,1.6001192749999973,1.5973503200000323,,,,,,,,,,,32871.0,90.0,32871.0,97164.0,,,,,,0,56,3067.016666666667,1213.0,4800.0,2286.25,3163.5,4014.75,,,,,,,,,,,,,,,,,,,,,,,,,,,,,,,,
32_Phoenix_City,Quantum,15324,30,60,603045,4,3.86784423999984,93.33333333333331,553.1695090666907,1782.5311204205022,1.5570978324292528,3.805829750503729,16800.924156770125,88.27462751000007,88.21747874000016,0.0191065930002878,0.0043770250001671,0.0147295680001207,,88.21747874000016,0.0008021620001272,0.0258262150000518,0.0026068189999932,0.0088033160000122,88.27462751000007,,,,,,,,0.0,,0,56,3067.016666666667,1213.0,4800.0,2286.25,3163.5,4014.75,3549.0,7038.0,0.001117865743657,0.0022357314873141,0.0022547914317925,0.0011273957158962,7.932375316990702,8.0,4.0,40000.0,20000.0,2.0,,,,,,,,,,,,,,,,,,,,
32_Phoenix_City,Classical,15324,30,60,603046,5,3.182438324000032,86.66666666666667,472.4186630907752,1783.3169586054555,1.2259827711674105,2.740870837834619,11458.000517776863,1.4517606419999538,1.448942603999967,,,,,,,,,,,28574.0,90.0,28574.0,84366.0,,,,,,0,56,2945.133333333333,1207.0,4726.0,2105.75,2922.0,3927.5,,,,,,,,,,,,,,,,,,,,,,,,,,,,,,,,
32_Phoenix_City,Quantum,15324,30,60,603046,5,3.182438324000032,86.66666666666667,632.8599554746645,1780.7207774879816,1.611086408835145,3.742447460335143,16458.48252839061,88.68603439399999,88.62968643499994,0.0199980649997542,0.0045958169998812,0.0154022479998729,,88.62968643499994,0.000676741999996,0.0242950500000915,0.0023440380000465,0.0090303510000921,88.68603439399999,,,,,,,,0.0,,0,56,2945.133333333333,1207.0,4726.0,2105.75,2922.0,3927.5,3552.0,7044.0,0.0011169293765745,0.002233858753149,0.002252886510842,0.001126443255421,7.932432432432432,8.0,4.0,40000.0,20000.0,2.0,,,,,,,,,,,,,,,,,,,,
32_Phoenix_City,Classical,15324,40,40,404042,1,3.0120960579999974,100.0,433.16611984088513,1776.0764766649609,1.1081184956023438,1.8238826054509043,9483.32080714222,1.838834461000033,1.835377798999844,,,,,,,,,,,22666.0,80.0,22666.0,66620.0,,,,,,0,39,3112.75,1544.0,4662.0,2156.75,3087.5,4191.25,,,,,,,,,,,,,,,,,,,,,,,,,,,,,,,,
32_Phoenix_City,Quantum,15324,40,40,404042,1,3.0120960579999974,100.0,302.7522454765562,1608.2046258911168,1.5164479293027364,2.7832826722943174,13318.44827081944,51.321458283999846,51.24314654099999,0.0211234149999199,0.0050173899999208,0.0161060249999991,,51.24314654099999,0.0007255709999753,0.0441352850000384,0.0030175790000157,0.0093031619999237,51.321458283999846,,,,,,,,0.0,,0,39,3112.75,1544.0,4662.0,2156.75,3087.5,4191.25,2090.0,4140.0,0.0018964684002098,0.0037929368004196,0.0038295835327908,0.0019147917663954,7.923444976076555,8.0,4.0,40000.0,20000.0,2.0,,,,,,,,,,,,,,,,,,,,
32_Phoenix_City,Classical,15324,40,40,404043,2,2.7286363079999774,100.0,552.8161043826624,1779.9611908726256,1.1449340212597716,2.567411920363573,10857.127513259577,1.1505547929998556,1.1483338130001357,,,,,,,,,,,22604.0,80.0,22604.0,66440.0,,,,,,0,38,3294.025,1247.0,4786.0,2348.75,3367.0,4351.75,,,,,,,,,,,,,,,,,,,,,,,,,,,,,,,,
32_Phoenix_City,Quantum,15324,40,40,404043,2,2.7286363079999774,100.0,445.2111248467001,1757.0706422151793,1.4540330766517404,2.2132020346003185,13737.580141890916,51.486021375000064,51.44172538299995,0.0121699339997576,0.002978419999863,0.0091915139998945,,51.44172538299995,0.0004386040000099,0.0245263040001191,0.0017388229998687,0.0054186689999369,51.486021375000064,,,,,,,,0.0,,0,38,3294.025,1247.0,4786.0,2348.75,3367.0,4351.75,2096.0,4152.0,0.0018910892892929,0.0037821785785858,0.0038186157517899,0.0019093078758949,7.923664122137405,8.0,4.0,40000.0,20000.0,2.0,,,,,,,,,,,,,,,,,,,,
32_Phoenix_City,Classical,15324,40,40,404044,3,3.031290949999857,100.0,422.0193033236502,1595.4048774038793,1.019976761989802,1.7502786675906965,9853.362068583598,1.4208109649998732,1.4159852350001074,,,,,,,,,,,24262.0,80.0,24262.0,71393.0,,,,,,0,40,3042.925,1213.0,4792.0,2016.75,3209.5,4097.25,,,,,,,,,,,,,,,,,,,,,,,,,,,,,,,,
32_Phoenix_City,Quantum,15324,40,40,404044,3,3.031290949999857,95.0,244.9962231118136,1740.7801681574574,1.3195372629366864,2.1269138898337223,12165.967741327546,53.33173301000011,53.25099238300004,0.021212805999994,0.005298810999875,0.015913995000119,,53.25099238300004,0.000709100999984,0.0458459279998351,0.0030191480000212,0.0099480979999952,53.33173301000011,,,,,,,,0.0,,0,40,3042.925,1213.0,4792.0,2016.75,3209.5,4097.25,2081.0,4122.0,0.0019045946845081,0.0038091893690163,0.0038461538461538,0.0019230769230769,7.92311388755406,8.0,4.0,40000.0,20000.0,2.0,,,,,,,,,,,,,,,,,,,,
32_Phoenix_City,Classical,15324,40,40,404045,4,2.8374307089998183,100.0,468.6549237958136,1604.901673419913,1.226840066821625,2.2639535479693778,9975.199534229336,1.0359208790000594,1.033748340000102,,,,,,,,,,,20913.0,80.0,20913.0,61415.0,,,,,,0,37,3137.825,1260.0,4794.0,2174.25,3282.0,4151.75,,,,,,,,,,,,,,,,,,,,,,,,,,,,,,,,
32_Phoenix_City,Quantum,15324,40,40,404045,4,2.8374307089998183,90.0,432.3367415814208,1700.9621234084484,1.8914435463375752,3.5844887461013086,13067.79869543575,51.47750816099983,51.433402531999945,0.0116513900002246,0.0026761870001337,0.0089752030000909,,51.433402531999945,0.0004085360001226,0.0240134909997777,0.002029296000046,0.0059997030000431,51.47750816099983,,,,,,,,0.0,,0,37,3137.825,1260.0,4794.0,2174.25,3282.0,4151.75,2099.0,4158.0,0.0018884111595198,0.0037768223190397,0.0038131553860819,0.0019065776930409,7.923773225345402,8.0,4.0,40000.0,20000.0,2.0,,,,,,,,,,,,,,,,,,,,
32_Phoenix_City,Classical,15324,40,40,404046,5,2.597994659000051,100.0,501.2749177131438,1743.0017088657578,1.0304952135507732,2.18451093074484,9811.04412258116,0.9114311480000196,0.909342530999993,,,,,,,,,,,19453.0,80.0,19453.0,57115.0,,,,,,0,36,3043.55,1205.0,4674.0,1982.5,3147.5,3919.75,,,,,,,,,,,,,,,,,,,,,,,,,,,,,,,,
32_Phoenix_City,Quantum,15324,40,40,404046,5,2.597994659000051,95.0,583.0499677600671,1797.831990293364,1.492111969277654,2.008079712760234,13467.88811919688,51.09973246100003,51.05253362999997,0.0113292480002655,0.0025448000001233,0.0087844480001422,,51.05253362999997,0.0004334679999828,0.0281295429999772,0.0018544720001045,0.0054477179999139,51.09973246100003,,,,,,,,0.0,,0,36,3043.55,1205.0,4674.0,1982.5,3147.5,3919.75,2072.0,4104.0,0.0019127909036165,0.0038255818072331,0.0038628681796233,0.0019314340898116,7.922779922779923,8.0,4.0,40000.0,20000.0,2.0,,,,,,,,,,,,,,,,,,,,
32_Phoenix_City,Classical,15324,40,80,804042,1,7.194607923999911,93.75,460.2228725205159,1785.3930612648978,1.1170731831524567,1.9524729198237327,15791.199775716552,5.9543381770001815,5.94738147399994,,,,,,,,,,,87739.0,120.0,87739.0,260512.0,,,,,,0,79,3093.7,1280.0,4790.0,2252.25,2886.0,4046.25,,,,,,,,,,,,,,,,,,,,,,,,,,,,,,,,
32_Phoenix_City,Quantum,15324,40,80,804042,1,7.194607923999911,92.5,437.1967431499273,1799.72684463948,1.5132175839318538,2.952253638135696,20549.653882608844,133.73269956399986,133.5971828679999,0.0634944089999862,0.0172070930000245,0.0462873159999617,,133.5971828679999,0.0011188879998371,0.0501641350001591,0.0045329720001063,0.0162004179996984,133.73269956399986,,,,,,,,0.0,,0,79,3093.7,1280.0,4790.0,2252.25,2886.0,4046.25,5272.0,10464.0,0.0007531115511938,0.0015062231023877,0.0015177385695313,0.0007588692847656,7.939301972685888,8.0,4.0,40000.0,20000.0,2.0,,,,,,,,,,,,,,,,,,,,
32_Phoenix_City,Classical,15324,40,80,804043,2,7.726831767000021,93.75,427.7495420517145,1720.8493764911927,1.0981339236208634,2.5823860710461024,17308.637826788537,4.944496153999808,4.940261494000424,,,,,,,,,,,85567.0,120.0,85567.0,254011.0,,,,,,0,76,2928.475,1201.0,4785.0,2005.75,2918.0,3864.75,,,,,,,,,,,,,,,,,,,,,,,,,,,,,,,,
32_Phoenix_City,Quantum,15324,40,80,804043,2,7.726831767000021,95.0,422.6365631735701,1779.1977656334047,1.4063061596682092,3.3385523913876027,23416.343115992186,125.03264584599992,124.93591368600028,0.0317450180000378,0.0089856449999388,0.022759373000099,,124.93591368600028,0.0011078840002483,0.0475509449997844,0.0036238849997971,0.0127008300000852,125.03264584599992,,,,,,,,0.0,,0,76,2928.475,1201.0,4785.0,2005.75,2918.0,3864.75,4954.0,9828.0,0.0008010706372644,0.0016021412745288,0.0016151827175449,0.0008075913587724,7.935405732741219,8.0,4.0,40000.0,20000.0,2.0,,,,,,,,,,,,,,,,,,,,
32_Phoenix_City,Classical,15324,40,80,804044,3,5.705401582999912,88.75,484.32196651602186,1774.1166917374303,1.0822045490222656,1.9054164493041623,14750.70653356867,5.0515364650000265,5.047625458000312,,,,,,,,,,,72127.0,120.0,72127.0,213936.0,,,,,,0,72,2966.425,1227.0,4785.0,2214.75,2787.5,3788.5,,,,,,,,,,,,,,,,,,,,,,,,,,,,,,,,
32_Phoenix_City,Quantum,15324,40,80,804044,3,5.705401582999912,92.5,725.7181595089244,1794.1023935938988,1.5232205396480791,3.1268256562913006,21518.746088237047,128.28444335299992,128.14235642199992,0.0316783260000193,0.0083038019997729,0.0233745240002463,,128.14235642199992,0.0016962409999905,0.0788813220001429,0.0058303480000176,0.0239955919996646,128.28444335299992,,,,,,,,0.0,,0,72,2966.425,1227.0,4785.0,2214.75,2787.5,3788.5,5092.0,10104.0,0.0007795282187826,0.0015590564375652,0.0015714005107051,0.0007857002553525,7.937156323644933,8.0,4.0,40000.0,20000.0,2.0,,,,,,,,,,,,,,,,,,,,
32_Phoenix_City,Classical,15324,40,80,804045,4,6.5343099480001,95.0,455.5162018043571,1786.0812286126952,0.9704013358306588,1.7794573371498985,16526.526876865828,6.379111330999876,6.3748677489998045,,,,,,,,,,,88739.0,120.0,88739.0,263479.0,,,,,,0,77,2854.9625,1232.0,4689.0,1996.75,2795.5,3737.75,,,,,,,,,,,,,,,,,,,,,,,,,,,,,,,,
32_Phoenix_City,Quantum,15324,40,80,804045,4,6.5343099480001,97.5,497.3481834094848,1794.6780400930777,1.2584563833060027,1.8398599990925928,23447.584407457383,127.61922951199996,127.45856649200005,0.0319523319999461,0.0094918459999462,0.0224604859999999,,127.45856649200005,0.0017058329999599,0.0969371860001047,0.0063545719999638,0.0237063700001272,127.61922951199996,,,,,,,,0.0,,0,77,2854.9625,1232.0,4689.0,1996.75,2795.5,3737.75,4966.0,9852.0,0.0007991502336735,0.0015983004673471,0.0016112789526686,0.0008056394763343,7.935561820378575,8.0,4.0,40000.0,20000.0,2.0,,,,,,,,,,,,,,,,,,,,
32_Phoenix_City,Classical,15324,40,80,804046,5,6.235198986999876,90.0,464.3803749658842,1784.4994593311983,1.0565680897761751,2.3353183682727097,15261.0356797427,6.195795627999814,6.191974720999951,,,,,,,,,,,87549.0,120.0,87549.0,259923.0,,,,,,0,79,2998.975,1215.0,4774.0,2005.0,3078.0,3969.0,,,,,,,,,,,,,,,,,,,,,,,,,,,,,,,,
32_Phoenix_City,Quantum,15324,40,80,804046,5,6.235198986999876,95.0,482.4307271299683,1794.3806097372108,1.370001018441814,2.9322121501950296,20213.0069613779,122.83715391600026,122.71874650099971,0.0326237760000367,0.0099076860001332,0.0227160899999034,,122.71874650099971,0.001651855000091,0.0673800720001054,0.0039774819997546,0.0127690700001039,122.83715391600026,,,,,,,,0.0,,0,79,2998.975,1215.0,4774.0,2005.0,3078.0,3969.0,4927.0,9774.0,0.000805425472557,0.0016108509451141,0.001624035728786,0.000812017864393,7.93505175563223,8.0,4.0,40000.0,20000.0,2.0,,,,,,,,,,,,,,,,,,,,
32_Phoenix_City,Classical,15324,50,50,505042,1,4.613522329000261,100.0,438.6973602243221,1776.623457602187,1.0067717768767706,1.5938080161573889,12487.96687318038,2.108612426000036,2.105095053999776,,,,,,,,,,,42737.0,100.0,42737.0,126120.0,,,,,,0,49,2928.96,1235.0,4681.0,2104.25,2754.0,3826.25,,,,,,,,,,,,,,,,,,,,,,,,,,,,,,,,
32_Phoenix_City,Quantum,15324,50,50,505042,1,4.613522329000261,96.0,447.4010355528256,1793.7137584406362,1.429352238978946,2.9750196212023674,14849.441258113196,70.28266436500007,70.21632283999998,0.0169786229998862,0.0050711389999378,0.0119074839999484,,70.21632283999998,0.0005782040002486,0.0390513659999669,0.0022792259997004,0.0074506450000626,70.28266436500007,,,,,,,,0.0,,0,49,2928.96,1235.0,4681.0,2104.25,2754.0,3826.25,2881.0,5712.0,0.0013768367465,0.0027536734930001,0.0027777777777777,0.0013888888888888,7.930579659840333,8.0,4.0,40000.0,20000.0,2.0,,,,,,,,,,,,,,,,,,,,
32_Phoenix_City,Classical,15324,50,50,505043,2,4.360477793999962,100.0,395.7842196624517,1651.8489075177167,1.1053037567203636,3.8318004002409727,12715.0185280623,2.27055743200026,2.2675846649999585,,,,,,,,,,,44838.0,100.0,44838.0,132400.0,,,,,,0,49,3070.26,1390.0,4761.0,2284.25,2925.0,3918.0,,,,,,,,,,,,,,,,,,,,,,,,,,,,,,,,
32_Phoenix_City,Quantum,15324,50,50,505043,2,4.360477793999962,96.0,371.1545703511668,1755.8771008555757,1.5795050884191244,5.801088468489761,15504.102578782058,69.29876544199988,69.23029429600001,0.0170901980000053,0.00541130900001,0.0116788889999952,,69.23029429600001,0.0005640459999085,0.0409097249998922,0.0023681699999542,0.0075351330001467,69.29876544199988,,,,,,,,0.0,,0,49,3070.26,1390.0,4761.0,2284.25,2925.0,3918.0,2833.0,5616.0,0.0013999653000053,0.0027999306000107,0.0028248587570621,0.001412429378531,7.929403459230498,8.0,4.0,40000.0,20000.0,2.0,,,,,,,,,,,,,,,,,,,,
32_Phoenix_City,Classical,15324,50,50,505044,3,3.808401040999797,100.0,430.82507994273743,1759.6430106041437,1.1970160554101192,2.8615555258735674,12567.093426979136,1.8182702879998944,1.815745233999678,,,,,,,,,,,36729.0,100.0,36729.0,108264.0,,,,,,0,46,2767.38,1257.0,4780.0,2007.5,2688.0,3452.75,,,,,,,,,,,,,,,,,,,,,,,,,,,,,,,,
32_Phoenix_City,Quantum,15324,50,50,505044,3,3.808401040999797,96.0,498.3075580682976,1496.8577120436605,1.4591443611649833,2.8615555258735674,15462.614075321251,70.10673538400033,70.04554086899998,0.0168221789999734,0.0047294089999923,0.0120927699999811,,70.04554086899998,0.0005775599997832,0.0342119490001096,0.002023798999744,0.007555327999853,70.10673538400033,,,,,,,,0.0,,0,46,2767.38,1257.0,4780.0,2007.5,2688.0,3452.75,2833.0,5616.0,0.0013999653000053,0.0027999306000107,0.0028248587570621,0.001412429378531,7.929403459230498,8.0,4.0,40000.0,20000.0,2.0,,,,,,,,,,,,,,,,,,,,
32_Phoenix_City,Classical,15324,50,50,505045,4,4.400724508000167,100.0,397.5413195560761,1795.496874688502,1.042095608470313,1.7325663635511994,11704.775547924546,2.500511712000389,2.4977661949997128,,,,,,,,,,,46753.0,100.0,46753.0,138063.0,,,,,,0,48,3116.14,1304.0,4793.0,2143.25,3244.0,3791.0,,,,,,,,,,,,,,,,,,,,,,,,,,,,,,,,
32_Phoenix_City,Quantum,15324,50,50,505045,4,4.400724508000167,96.0,367.4389625079002,1786.6777480085634,1.3177525671042611,1.835338013604232,14532.400837926512,69.32979112700014,69.2179872380002,0.0175044610000441,0.0055838309999671,0.0119206300000769,,69.2179872380002,0.0009200869999403,0.0758308449999276,0.0046706070002073,0.0128721920000316,69.32979112700014,,,,,,,,0.0,,0,48,3116.14,1304.0,4793.0,2143.25,3244.0,3791.0,2827.0,5604.0,0.0014029111156673,0.0028058222313346,0.002830856334041,0.0014154281670205,7.92925362575168,8.0,4.0,40000.0,20000.0,2.0,,,,,,,,,,,,,,,,,,,,
32_Phoenix_City,Classical,15324,50,50,505046,5,3.5792335580003964,100.0,424.95515422501927,1739.3380784573103,1.0716607341046571,1.581217728273677,11618.851972089977,2.003015671999947,2.000090644000011,,,,,,,,,,,38873.0,100.0,38873.0,114647.0,,,,,,0,48,2956.4,1261.0,4800.0,2149.25,3036.0,3693.75,,,,,,,,,,,,,,,,,,,,,,,,,,,,,,,,
32_Phoenix_City,Quantum,15324,50,50,505046,5,3.5792335580003964,100.0,374.7805652877823,1699.0137007730186,1.4171900728094675,2.724170334098854,14643.160755160166,72.05853598699969,71.95127710299994,0.0173921499995231,0.0050035249996653,0.0123886249998577,,71.95127710299994,0.0009580779997122,0.0699510970002847,0.003820467999958,0.0151323019999836,72.05853598699969,,,,,,,,0.0,,0,48,2956.4,1261.0,4800.0,2149.25,3036.0,3693.75,2911.0,5772.0,0.0013627654789688,0.0027255309579377,0.0027491408934707,0.0013745704467353,7.931295087598763,8.0,4.0,40000.0,20000.0,2.0,,,,,,,,,,,,,,,,,,,,
32_Phoenix_City,Classical,15324,50,100,1005042,1,12.102701877000072,96.0,389.6863720339407,1798.895545689778,1.0252809861498002,2.2865402283949963,20209.78334129323,12.993938952999995,12.98870314299984,,,,,,,,,,,179471.0,150.0,179471.0,534071.0,,,,,,0,97,2931.45,1234.0,4695.0,2231.25,2926.0,3744.5,,,,,,,,,,,,,,,,,,,,,,,,,,,,,,,,
32_Phoenix_City,Quantum,15324,50,100,1005042,1,12.102701877000072,94.0,393.16512648252615,1721.1915861718626,1.3362770209822332,3.090341475591006,24368.2829580574,172.0485031410003,171.88764184699994,0.0506399490000148,0.0173262580001392,0.0333136909998756,,171.88764184699994,0.0014500870001938,0.0835538530000121,0.0045667139997931,0.0206453149999106,172.0485031410003,,,,,,,,0.0,,0,97,2931.45,1234.0,4695.0,2231.25,2926.0,3744.5,6578.0,13056.0,0.0006035571874364,0.0012071143748729,0.0012163600425726,0.0006081800212863,7.93919124353907,8.0,4.0,40000.0,20000.0,2.0,,,,,,,,,,,,,,,,,,,,
32_Phoenix_City,Classical,15324,50,100,1005043,2,11.10361343800014,95.0,508.81305100054834,1796.014618625502,1.1640241447775694,5.672203921698027,20741.443952381425,11.72466009999971,11.71941292700012,,,,,,,,,,,155901.0,150.0,155901.0,463758.0,,,,,,0,96,3100.22,1249.0,4749.0,2072.5,3350.5,3959.5,,,,,,,,,,,,,,,,,,,,,,,,,,,,,,,,
32_Phoenix_City,Quantum,15324,50,100,1005043,2,11.10361343800014,92.0,559.1316001937877,1753.4141658500876,1.4879156030559837,3.4769279378302214,27339.580731655296,167.3154679180002,167.175080986,0.0470799879999503,0.0153592289998414,0.0317207590001089,,167.175080986,0.0014438600001085,0.0699393439999767,0.0043238150001343,0.0175956439998117,167.3154679180002,,,,,,,,0.0,,0,96,3100.22,1249.0,4749.0,2072.5,3350.5,3959.5,6503.0,12906.0,0.0006104652359063,0.0012209304718126,0.001230390649031,0.0006151953245155,7.938489927725665,8.0,4.0,40000.0,20000.0,2.0,,,,,,,,,,,,,,,,,,,,
32_Phoenix_City,Classical,15324,50,100,1005044,3,12.0123209530002,97.0,436.2864528249247,1700.7463871441018,1.006648903215609,1.5145673195956866,19652.83271789412,12.787621227000272,12.782092822999855,,,,,,,,,,,174932.0,150.0,174932.0,520579.0,,,,,,0,98,2934.91,1224.0,4790.0,2067.0,2887.5,3761.25,,,,,,,,,,,,,,,,,,,,,,,,,,,,,,,,
32_Phoenix_City,Quantum,15324,50,100,1005044,3,12.0123209530002,96.0,440.39402945567537,1655.365606183403,1.2615060042919757,2.404932571481823,25754.306584123497,168.98915985400026,168.83955190300003,0.0506423839997296,0.0175409869998475,0.0331013969998821,,168.83955190300003,0.0014828359999228,0.0759322760000031,0.0044130429996585,0.0171323190002112,168.98915985400026,,,,,,,,0.0,,0,98,2934.91,1224.0,4790.0,2067.0,2887.5,3761.25,6563.0,13026.0,0.0006049262620149,0.0012098525240299,0.0012191405059433,0.0006095702529716,7.939052262684748,8.0,4.0,40000.0,20000.0,2.0,,,,,,,,,,,,,,,,,,,,
32_Phoenix_City,Classical,15324,50,100,1005045,4,11.803349809999872,95.0,502.6990810902882,1794.006124816813,1.0403975853714875,3.937737165293287,19572.26343903245,11.57426994000025,11.569113254000058,,,,,,,,,,,168171.0,150.0,168171.0,500387.0,,,,,,0,96,3042.35,1245.0,4794.0,2102.5,3041.5,4045.75,,,,,,,,,,,,,,,,,,,,,,,,,,,,,,,,
32_Phoenix_City,Quantum,15324,50,100,1005045,4,11.803349809999872,94.0,493.5023341316739,1787.0031094239512,1.3431681328680265,2.184649988540873,24850.50343981953,169.39338624300035,169.24166096900035,0.0507833539995772,0.0173636089998581,0.0334197449997191,,169.24166096900035,0.0016144179999173,0.0764713800003846,0.0045019269996373,0.0182868199999575,169.39338624300035,,,,,,,,0.0,,0,96,3042.35,1245.0,4794.0,2102.5,3041.5,4045.75,6605.0,13110.0,0.0006011084053845,0.0012022168107691,0.0012113870381586,0.0006056935190793,7.939439818319455,8.0,4.0,40000.0,20000.0,2.0,,,,,,,,,,,,,,,,,,,,
32_Phoenix_City,Classical,15324,50,100,1005046,5,11.80236478400002,96.0,438.65559003134575,1749.4945097317077,1.0390368774928067,1.8065628888161824,18991.88781230272,12.007151961999623,12.002009153000015,,,,,,,,,,,167805.0,150.0,167805.0,499272.0,,,,,,0,98,3051.38,1204.0,4796.0,2374.5,2953.0,3893.25,,,,,,,,,,,,,,,,,,,,,,,,,,,,,,,,
32_Phoenix_City,Quantum,15324,50,100,1005046,5,11.80236478400002,94.0,395.4949174114605,1754.557855942423,1.4407867037785649,2.855531666783958,24261.43333936955,169.66216460299984,169.51204336599994,0.0502720509998653,0.0176414419997854,0.0326306090000798,,169.51204336599994,0.001481922000039,0.0766971650000414,0.0046094000003904,0.0170565970001916,169.66216460299984,,,,,,,,0.0,,0,98,3051.38,1204.0,4796.0,2374.5,2953.0,3893.25,6572.0,13044.0,0.0006041040729971,0.0012082081459942,0.0012174707046111,0.0006087353523055,7.939135727328058,8.0,4.0,40000.0,20000.0,2.0,,,,,,,,,,,,,,,,,,,,
32_Phoenix_City,Classical,15324,80,80,808042,1,13.160792399000002,100.0,518.3114661356473,1781.5308521471834,0.9876345992779068,1.6058133384491575,15863.44225098742,12.585399336000023,12.581026344000009,,,,,,,,,,,162830.0,160.0,162830.0,483466.0,,,,,,0,75,2932.0,1241.0,4778.0,2123.25,2778.5,3690.0,,,,,,,,,,,,,,,,,,,,,,,,,,,,,,,,
32_Phoenix_City,Quantum,15324,80,80,808042,1,13.160792399000002,92.5,566.9588393494714,1788.4176102637002,1.2827332256199973,2.114906651212737,17769.940433703414,123.44248734099996,123.295341534,0.038186631999963,0.012329478999959,0.025857153000004,,123.295341534,0.0009274170000708,0.092764215000102,0.003375099999971,0.0118883140000889,123.44248734099996,,,,,,,,0.0,,0,75,2932.0,1241.0,4778.0,2123.25,2778.5,3690.0,5050.0,10020.0,0.000785960949036,0.0015719218980721,0.0015844721727074,0.0007922360863537,7.936633663366337,8.0,4.0,40000.0,20000.0,2.0,,,,,,,,,,,,,,,,,,,,
32_Phoenix_City,Classical,15324,80,80,808043,2,12.21458068000004,100.0,568.7830834664834,1764.3268118276987,0.8951823214846012,1.575526611337005,19272.74580666711,9.73534830699998,9.731097817999968,,,,,,,,,,,148059.0,160.0,148059.0,439413.0,,,,,,0,75,3027.625,1252.0,4793.0,2026.5,3064.5,4061.25,,,,,,,,,,,,,,,,,,,,,,,,,,,,,,,,
32_Phoenix_City,Quantum,15324,80,80,808043,2,12.21458068000004,97.5,525.7276317322383,1735.3879544480685,1.219162208914058,2.882796608394307,23916.193230119683,123.78273636099992,123.61091428600002,0.0342752059999611,0.0117636739998943,0.0225115320000668,,123.61091428600002,0.0017459599999938,0.1191615139999839,0.0039334240000243,0.0127009240000006,123.78273636099992,,,,,,,,0.0,,0,75,3027.625,1252.0,4793.0,2026.5,3064.5,4061.25,5065.0,10050.0,0.0007836513944316,0.0015673027888632,0.0015797788309636,0.0007898894154818,7.936821322803554,8.0,4.0,40000.0,20000.0,2.0,,,,,,,,,,,,,,,,,,,,
32_Phoenix_City,Classical,15324,80,80,808044,3,13.018246054999963,100.0,531.8388607565946,1721.7654869026842,0.9586873498137688,1.987998975870304,16400.215658637186,13.023408109000002,13.019005415000038,,,,,,,,,,,163761.0,160.0,163761.0,486198.0,,,,,,0,78,2866.7125,1253.0,4788.0,2162.75,2713.5,3606.5,,,,,,,,,,,,,,,,,,,,,,,,,,,,,,,,
32_Phoenix_City,Quantum,15324,80,80,808044,3,13.018246054999963,92.5,532.481849482529,1767.5246827238157,1.203230238490582,2.3699048656564474,18442.749205780503,122.40666324300004,122.22348645699992,0.0364938389999451,0.0136840059999485,0.0228098329999966,,122.22348645699992,0.0017512939999733,0.1286758919999329,0.0035791620000509,0.0126713729999892,122.40666324300004,,,,,,,,0.0,,0,78,2866.7125,1253.0,4788.0,2162.75,2713.5,3606.5,5026.0,9972.0,0.0007896846844171,0.0015793693688343,0.001592039800995,0.0007960199004975,7.936331078392359,8.0,4.0,40000.0,20000.0,2.0,,,,,,,,,,,,,,,,,,,,
32_Phoenix_City,Classical,15324,80,80,808045,4,14.644765001999986,100.0,437.95896472253145,1763.8706787958909,1.0006810680532368,1.8781133061742068,16740.55331007243,14.32781287299997,14.320907638999984,,,,,,,,,,,192110.0,160.0,192110.0,570768.0,,,,,,0,78,3137.4,1306.0,4794.0,2220.75,3240.0,3901.75,,,,,,,,,,,,,,,,,,,,,,,,,,,,,,,,
32_Phoenix_City,Quantum,15324,80,80,808045,4,14.644765001999986,100.0,478.1654756716927,1763.8706787958909,1.257162959496072,2.4315072223850365,20911.420526881782,125.035591308,124.86288776599996,0.0405773349999663,0.0166210329999785,0.0239563019999877,,124.86288776599996,0.0010240990000056,0.114785023999957,0.0038291119999485,0.0124835620000567,125.035591308,,,,,,,,0.0,,0,78,3137.4,1306.0,4794.0,2220.75,3240.0,3901.75,5098.0,10116.0,0.0007786178424942,0.0015572356849885,0.0015695507161075,0.0007847753580537,7.937230286386819,8.0,4.0,40000.0,20000.0,2.0,,,,,,,,,,,,,,,,,,,,
32_Phoenix_City,Classical,15324,80,80,808046,5,13.800081009999984,100.0,478.1538483455115,1774.1059604981442,0.979381131600258,2.046250028547549,16557.84454985021,12.930674939000028,12.926240512999923,,,,,,,,,,,170585.0,160.0,170585.0,506665.0,,,,,,0,77,3121.4,1234.0,4782.0,2278.75,3184.0,3873.75,,,,,,,,,,,,,,,,,,,,,,,,,,,,,,,,
32_Phoenix_City,Quantum,15324,80,80,808046,5,13.800081009999984,95.0,475.2096988191326,1728.1325574171417,1.3395014390045985,2.4485565333164856,20649.08389836028,126.07426066699986,125.91588232499998,0.0407275019999815,0.0157643009999901,0.0249632009999913,,125.91588232499998,0.001227401999813,0.0987958359999083,0.0035899810000046,0.0140320670000164,126.07426066699986,,,,,,,,0.0,,0,77,3121.4,1234.0,4782.0,2278.75,3184.0,3873.75,5152.0,10224.0,0.0007705191417936,0.0015410382835872,0.0015530964861192,0.0007765482430596,7.937888198757764,8.0,4.0,40000.0,20000.0,2.0,,,,,,,,,,,,,,,,,,,,
32_Phoenix_City,Classical,15324,80,160,1608042,1,46.84918993200017,97.5,433.1312901269024,1746.9774384700731,0.9202428131139314,1.9981852611700064,32710.51931882991,68.37806916499994,68.36953085200003,,,,,,,,,,,720391.0,240.0,720391.0,2150454.0,,,,,,0,153,3124.1875,1202.0,4792.0,2199.5,3179.0,3978.0,,,,,,,,,,,,,,,,,,,,,,,,,,,,,,,,
32_Phoenix_City,Quantum,15324,80,160,1608042,1,46.84918993200017,93.75,520.0651307287832,1760.4484803326172,1.1497300723711463,2.7885691160047825,36668.72344775418,304.36652800699994,303.9550482579998,0.1402366669997263,0.0666036349998648,0.0736330319998614,,303.9550482579998,0.0030638289999842,0.2337909589998617,0.0070401919999767,0.0273422190000474,304.36652800699994,,,,,,,,0.0,,0,153,3124.1875,1202.0,4792.0,2199.5,3179.0,3978.0,11066.0,21972.0,0.0003588868138578,0.0007177736277156,0.0007230004518752,0.0003615002259376,7.942165190674137,8.0,4.0,40000.0,20000.0,2.0,,,,,,,,,,,,,,,,,,,,
32_Phoenix_City,Classical,15324,80,160,1608043,2,38.01557386500008,92.5,599.786179264963,1794.843437403401,0.8718033420480572,1.8646910328076087,32382.336778483743,50.47702742399997,50.46894899299991,,,,,,,,,,,605161.0,240.0,605161.0,1805845.0,,,,,,0,154,3033.3625,1205.0,4763.0,2225.75,3087.0,3851.5,,,,,,,,,,,,,,,,,,,,,,,,,,,,,,,,
32_Phoenix_City,Quantum,15324,80,160,1608043,2,38.01557386500008,90.0,616.3116071022888,1795.8403827703946,1.1111168216309617,2.7064789758285626,37672.263569434,300.8283580050001,300.4792109929999,0.1240725760001169,0.0556543960001363,0.0684181799999805,,300.4792109929999,0.0025787550000586,0.1874202450001121,0.0071244189998651,0.0279453069999817,300.8283580050001,,,,,,,,0.0,,0,154,3033.3625,1205.0,4763.0,2225.75,3087.0,3851.5,11036.0,21912.0,0.0003598553680971,0.0007197107361942,0.0007249660172179,0.0003624830086089,7.942007973903588,8.0,4.0,40000.0,20000.0,2.0,,,,,,,,,,,,,,,,,,,,
32_Phoenix_City,Classical,15324,80,160,1608044,3,40.811488263,95.0,490.3164491025578,1797.98363171852,0.938230042311306,1.8504789654711924,31765.061571463448,58.429285750999725,58.42092082799991,,,,,,,,,,,651779.0,240.0,651779.0,1945247.0,,,,,,0,158,2715.1375,1247.0,4783.0,1948.25,2658.5,3496.75,,,,,,,,,,,,,,,,,,,,,,,,,,,,,,,,
32_Phoenix_City,Quantum,15324,80,160,1608044,3,40.811488263,92.5,556.4473740951381,1762.1238963842115,1.225923925385943,3.210334470234656,39523.37667214285,305.402082782,305.0241354240002,0.1410832859996844,0.0576809240001239,0.0834023619995605,,305.0241354240002,0.0024379300002692,0.1981169870000485,0.007361112000126,0.0289422460000423,305.402082782,,,,,,,,0.0,,0,158,2715.1375,1247.0,4783.0,1948.25,2658.5,3496.75,11423.0,22686.0,0.0003477487605797,0.0006954975211595,0.0007004027315706,0.0003502013657853,7.943972686684758,8.0,4.0,40000.0,20000.0,2.0,,,,,,,,,,,,,,,,,,,,
32_Phoenix_City,Classical,15324,80,160,1608045,4,38.82707399399988,90.625,599.559302334756,1799.2406851519918,0.9263763560785566,1.8319691620263256,29527.54657503479,50.458155997000176,50.44345696299979,,,,,,,,,,,564598.0,240.0,564598.0,1684632.0,,,,,,0,151,3090.11875,1229.0,4796.0,2218.75,3090.5,3899.25,,,,,,,,,,,,,,,,,,,,,,,,,,,,,,,,
32_Phoenix_City,Quantum,15324,80,160,1608045,4,38.82707399399988,92.5,710.367142712294,1792.3384712710977,1.23595411681227,3.9392177632045446,38894.309031943136,299.270375349,298.80136405500025,0.2388381020000451,0.1048555460001807,0.1339825559998644,,298.80136405500025,0.0024568879998696,0.1926950460001535,0.0070685440000488,0.0279471200001353,299.270375349,,,,,,,,0.0,,0,151,3090.11875,1229.0,4796.0,2218.75,3090.5,3899.25,11159.0,22158.0,0.0003559171531909,0.0007118343063818,0.0007169743681663,0.0003584871840831,7.942647190608477,8.0,4.0,40000.0,20000.0,2.0,,,,,,,,,,,,,,,,,,,,
32_Phoenix_City,Classical,15324,80,160,1608046,5,40.082395876999726,98.125,445.862619291924,1776.040203304602,1.0895473284198578,10.233407244116286,31756.045645295075,56.1614562740001,56.15170731199987,,,,,,,,,,,673993.0,240.0,673993.0,2011708.0,,,,,,0,156,2927.825,1216.0,4717.0,2072.25,2921.5,3697.75,,,,,,,,,,,,,,,,,,,,,,,,,,,,,,,,
32_Phoenix_City,Quantum,15324,80,160,1608046,5,40.082395876999726,91.25,565.3300170885797,1788.5881977558663,1.2216583874767073,4.805357694839494,34528.86618623691,301.1266572479999,300.7628912360001,0.1258379099999729,0.0591507310000452,0.0666871789999277,,300.7628912360001,0.00266050800019,0.1990123579998908,0.0071940039997571,0.029056311000204,301.1266572479999,,,,,,,,0.0,,0,156,2927.825,1216.0,4717.0,2072.25,2921.5,3697.75,11180.0,22200.0,0.0003552533732667,0.0007105067465335,0.0007156275158779,0.0003578137579389,7.942754919499105,8.0,4.0,40000.0,20000.0,2.0,,,,,,,,,,,,,,,,,,,,
32_Phoenix_City,Classical,15324,90,90,909042,1,15.538679289000356,100.0,555.7323300709181,1793.6133657941325,0.9897935862385794,3.43707149277892,20979.26130111753,16.232367533000343,16.22753516900002,,,,,,,,,,,202824.0,180.0,202824.0,602588.0,,,,,,0,86,2918.5222222222224,1288.0,4772.0,2059.5,2746.5,3827.75,,,,,,,,,,,,,,,,,,,,,,,,,,,,,,,,
32_Phoenix_City,Quantum,15324,90,90,909042,1,15.538679289000356,93.33333333333331,500.5394798765458,1788.5053260926888,1.4301521179867036,10.612504383007776,24536.797881798582,144.3398118910004,144.16274465299966,0.0483385469997301,0.0192162949997509,0.0291222519999792,,144.16274465299966,0.0012523259997578,0.1087455629999567,0.0040091050000228,0.0147178750003149,144.3398118910004,,,,,,,,0.0,,0,86,2918.5222222222224,1288.0,4772.0,2059.5,2746.5,3827.75,5835.0,11580.0,0.0006803482466491,0.0013606964932983,0.0013712718546451,0.0006856359273225,7.938303341902314,8.0,4.0,40000.0,20000.0,2.0,,,,,,,,,,,,,,,,,,,,
32_Phoenix_City,Classical,15324,90,90,909043,2,16.683993541999826,100.0,419.5124311524133,1787.178309007919,0.9287321470488276,1.4832823721646973,19999.002536123047,17.315476586000386,17.31072276399982,,,,,,,,,,,230975.0,180.0,230975.0,686597.0,,,,,,0,86,2990.7444444444445,1228.0,4788.0,2152.5,2843.5,3927.25,,,,,,,,,,,,,,,,,,,,,,,,,,,,,,,,
32_Phoenix_City,Quantum,15324,90,90,909043,2,16.683993541999826,95.55555555555556,491.870263634133,1793.696527874704,1.2529329340950868,2.957200706041825,23813.69289452597,145.01115726299986,144.82037863200003,0.049653968000257,0.0209435400001893,0.0287104280000676,,144.82037863200003,0.0014326949999485,0.1201973509996605,0.0040866609997465,0.0153923869997925,145.01115726299986,,,,,,,,0.0,,0,86,2990.7444444444445,1228.0,4788.0,2152.5,2843.5,3927.25,5871.0,11652.0,0.0006762079774783,0.0013524159549566,0.0013628620102214,0.0006814310051107,7.938681655595299,8.0,4.0,40000.0,20000.0,2.0,,,,,,,,,,,,,,,,,,,,
32_Phoenix_City,Classical,15324,90,90,909044,3,17.041699547999997,100.0,577.5243741695057,1796.2693888970043,0.9833798226148732,1.640408951621,17397.471903249574,17.139155715000015,17.134261831999993,,,,,,,,,,,232741.0,180.0,232741.0,691893.0,,,,,,0,88,2949.3888888888887,1210.0,4777.0,2099.25,2992.0,3784.5,,,,,,,,,,,,,,,,,,,,,,,,,,,,,,,,
32_Phoenix_City,Quantum,15324,90,90,909044,3,17.041699547999997,97.77777777777776,530.3163887642663,1797.4443767534326,1.333566988831712,3.1540494899569103,21197.256038035703,147.82615154800033,147.56870752199984,0.0520550310002363,0.0215960300001825,0.0304590010000538,,147.56870752199984,0.0013195749997976,0.1685680470000079,0.0083032410002488,0.0271929760001512,147.82615154800033,,,,,,,,0.0,,0,88,2949.3888888888887,1210.0,4777.0,2099.25,2992.0,3784.5,5805.0,11520.0,0.0006838373962891,0.0013676747925782,0.0013783597518952,0.0006891798759476,7.937984496124031,8.0,4.0,40000.0,20000.0,2.0,,,,,,,,,,,,,,,,,,,,
32_Phoenix_City,Classical,15324,90,90,909045,4,15.413525967000169,100.0,477.2037132734944,1728.501862854072,0.9995221663005978,2.3747643601110773,19500.08990517977,16.89761938399988,16.89264994899986,,,,,,,,,,,215743.0,180.0,215743.0,641128.0,,,,,,0,87,2891.8444444444444,1281.0,4735.0,2040.25,2906.5,3642.25,,,,,,,,,,,,,,,,,,,,,,,,,,,,,,,,
32_Phoenix_City,Quantum,15324,90,90,909045,4,15.413525967000169,95.55555555555556,451.1269154896079,1765.628208155728,1.2712396602930889,3.3652293098666126,22407.02366849927,148.88449248200004,148.68130406799992,0.0526688710001508,0.0204639379999207,0.03220493300023,,148.68130406799992,0.0016841720002958,0.1285403729998506,0.0043663850001394,0.0159228269999402,148.88449248200004,,,,,,,,0.0,,0,87,2891.8444444444444,1281.0,4735.0,2040.25,2906.5,3642.25,5916.0,11742.0,0.0006711029647525,0.001342205929505,0.0013524936601859,0.0006762468300929,7.939148073022312,8.0,4.0,40000.0,20000.0,2.0,,,,,,,,,,,,,,,,,,,,
32_Phoenix_City,Classical,15324,90,90,909046,5,16.744745628000146,100.0,506.0286158105592,1783.0419109894335,0.8961733746618858,1.4082047254824837,19908.602347641023,19.46834584899989,19.46338107599968,,,,,,,,,,,242863.0,180.0,242863.0,722050.0,,,,,,0,84,2971.4222222222224,1266.0,4746.0,2017.75,2794.0,4006.0,,,,,,,,,,,,,,,,,,,,,,,,,,,,,,,,
32_Phoenix_City,Quantum,15324,90,90,909046,5,16.744745628000146,95.55555555555556,517.9715405951457,1740.6515642739896,1.1320895055937392,2.7389366468724687,23318.506762543348,142.8634601720005,142.6527907929999,0.053452591000223,0.0223188810000465,0.0311337100001765,,142.6527907929999,0.0021464179999384,0.1360334709997914,0.0042603920001056,0.0147717950003425,142.8634601720005,,,,,,,,0.0,,0,84,2971.4222222222224,1266.0,4746.0,2017.75,2794.0,4006.0,5760.0,11430.0,0.0006891387393644,0.0013782774787289,0.0013891300573016,0.0006945650286508,7.9375,8.0,4.0,40000.0,20000.0,2.0,,,,,,,,,,,,,,,,,,,,
32_Phoenix_City,Classical,15324,90,180,1809042,1,59.80735915100013,97.77777777777776,400.68898472781615,1756.9339946956484,0.9005213804742247,1.8327635661232944,34660.491667573435,97.8976490749992,97.88712368699998,,,,,,,,,,,1021118.0,270.0,1021118.0,3049818.0,,,,,,0,172,3020.9,1220.0,4795.0,2013.75,3028.5,4004.0,,,,,,,,,,,,,,,,,,,,,,,,,,,,,,,,
32_Phoenix_City,Quantum,15324,90,180,1809042,1,59.80735915100013,94.44444444444444,465.2175463705662,1799.954626585778,1.1661964259552378,2.1660599400254736,43319.68232756097,356.3476660189999,355.85230864999994,0.1778692870002487,0.0916911220001566,0.0861781650000921,,355.85230864999994,0.0031919120001475,0.2629637509999156,0.0083536140000433,0.0429730169998947,356.3476660189999,,,,,,,,0.0,,0,172,3020.9,1220.0,4795.0,2013.75,3028.5,4004.0,12639.0,25098.0,0.0003142519966702,0.0006285039933405,0.0006330115524608,0.0003165057762304,7.943033467837646,8.0,4.0,40000.0,20000.0,2.0,,,,,,,,,,,,,,,,,,,,
32_Phoenix_City,Classical,15324,90,180,1809043,2,52.52513491399986,92.77777777777776,540.6624264883078,1781.114459203919,0.9643376378429356,2.582537039320432,32892.75262743885,84.13117443400006,84.11532622200048,,,,,,,,,,,889749.0,270.0,889749.0,2656673.0,,,,,,0,171,3013.905555555556,1210.0,4786.0,2050.5,3017.5,3913.25,,,,,,,,,,,,,,,,,,,,,,,,,,,,,,,,
32_Phoenix_City,Quantum,15324,90,180,1809043,2,52.52513491399986,92.22222222222224,573.2727842251464,1784.6057091628245,1.1474810054393594,1.98861821221858,40030.41890722917,362.9550715000005,362.3644215900004,0.3015526359995419,0.1531253559996912,0.1484272799998507,,362.3644215900004,0.0035550339998735,0.244789020999633,0.0090079849996982,0.0317385090002062,362.9550715000005,,,,,,,,0.0,,0,171,3013.905555555556,1210.0,4786.0,2050.5,3017.5,3913.25,12870.0,25560.0,0.0003086508642495,0.0006173017284991,0.0006216489237703,0.0003108244618851,7.944055944055944,8.0,4.0,40000.0,20000.0,2.0,,,,,,,,,,,,,,,,,,,,
32_Phoenix_City,Classical,15324,90,180,1809044,3,51.46659275499951,89.44444444444444,434.4268404375688,1699.9543042076525,0.8974553213715271,1.669152981569572,29854.652251110736,84.43497774000025,84.42534757500016,,,,,,,,,,,896372.0,270.0,896372.0,2676693.0,,,,,,0,171,3055.811111111111,1316.0,4796.0,2223.0,2990.5,3998.0,,,,,,,,,,,,,,,,,,,,,,,,,,,,,,,,
32_Phoenix_City,Quantum,15324,90,180,1809044,3,51.46659275499951,94.44444444444444,519.4476463050744,1793.6555834335304,1.175655862805685,1.9269669904236075,41186.52143799406,352.3840964380006,351.9283415260006,0.1682312789989737,0.0797630509996452,0.0884682279993285,,351.9283415260006,0.0033319059994028,0.243953806000718,0.008381618000385,0.0318497409998599,352.3840964380006,,,,,,,,0.0,,0,171,3055.811111111111,1316.0,4796.0,2223.0,2990.5,3998.0,12537.0,24894.0,0.0003167904432363,0.0006335808864726,0.0006381620931716,0.0003190810465858,7.942569992821249,8.0,4.0,40000.0,20000.0,2.0,,,,,,,,,,,,,,,,,,,,
32_Phoenix_City,Classical,15324,90,180,1809045,4,52.6787477150001,91.66666666666669,452.4520568464421,1791.0065752698483,1.0374909281054905,10.77338023023732,30234.822657286662,82.02855293999983,82.01874526400024,,,,,,,,,,,890228.0,270.0,890228.0,2658280.0,,,,,,0,172,2831.055555555556,1234.0,4779.0,1972.25,2709.0,3766.5,,,,,,,,,,,,,,,,,,,,,,,,,,,,,,,,
32_Phoenix_City,Quantum,15324,90,180,1809045,4,52.6787477150001,95.55555555555556,499.3206038813221,1786.4739098904538,1.239340544482857,4.211192156851982,42453.91481997843,371.4532616140005,370.9888848029996,0.1608567909997873,0.0770095289999517,0.0838472619998356,,370.9888848029996,0.0039195230001496,0.2585451770000873,0.0089545139999245,0.032094832000439,371.4532616140005,,,,,,,,0.0,,0,172,2831.055555555556,1234.0,4779.0,1972.25,2709.0,3766.5,12741.0,25302.0,0.0003117539058875,0.0006235078117751,0.0006279434850863,0.0003139717425431,7.943489522015541,8.0,4.0,40000.0,20000.0,2.0,,,,,,,,,,,,,,,,,,,,
32_Phoenix_City,Classical,15324,90,180,1809046,5,50.46466507500008,91.66666666666669,590.343860011463,1774.4180251768894,0.9580902434659436,2.0683815501899385,32672.38512965892,80.74709222799993,80.73741771000005,,,,,,,,,,,846034.0,270.0,846034.0,2526058.0,,,,,,0,175,3068.4,1227.0,4752.0,2179.5,3060.0,4110.0,,,,,,,,,,,,,,,,,,,,,,,,,,,,,,,,
32_Phoenix_City,Quantum,15324,90,180,1809046,5,50.46466507500008,93.33333333333331,612.091255416216,1789.2609593919717,1.1927896979806898,2.7217280574955853,41806.63106220381,374.0206501100001,373.5740999420004,0.1695626219998303,0.0793638120003379,0.0901988099994923,,373.5740999420004,0.003550290000021,0.2335574910002833,0.0082507099996291,0.0316224429998328,374.0206501100001,,,,,,,,0.0,,0,175,3068.4,1227.0,4752.0,2179.5,3060.0,4110.0,12852.0,25524.0,0.0003090801334929,0.0006181602669859,0.0006225196482763,0.0003112598241381,7.943977591036415,8.0,4.0,40000.0,20000.0,2.0,,,,,,,,,,,,,,,,,,,,
